cf_type,addr,target,bpu_hit_uc_hit,bpu_hit_uc_miss,mispred_uc_hit,mispred_uc_miss,misfetch_uc_hit,misfetch_uc_miss,btb_miss_uc_hit,btb_miss_uc_miss,other_recovery_uc_hit,other_recovery_uc_miss,recover_redirect_extra_fetch_latency
2,7ffda9edf1ea,0,0,5837,0,3,0,0,0,1,0,0,8
1,7ffda9edf1f1,7ffda9edf1f5,0,5836,0,0,0,0,0,1,0,0,2
4,7ffda9f76924,7ffdac66bc40,0,308,0,0,0,0,0,1,0,0,2
5,7ffda9f76910,7ffdac6803b0,0,308,0,0,0,0,0,1,0,0,2
2,7ffda9f768fb,7ffda9f76906,0,308,0,1,0,0,0,1,0,0,4
7,7ffda9edf216,7ffda9ee0ec2,0,5837,0,0,0,0,0,0,0,0,0
3,7ffda9e7d9ea,7ffda9e7dd80,0,3242,0,0,0,0,0,1,0,0,2
2,7ffda9e7ddad,0,0,2628,0,0,0,0,0,0,0,0,0
2,7ffda9e7dde5,7ffda9e7dd93,0,5406,0,123,0,0,0,1,0,0,248
2,7ffda9e55da4,0,0,5836,0,0,0,0,0,1,0,0,2
2,7ffda9e7dda7,7ffda9e7de25,0,6484,0,158,0,0,0,1,0,0,318
5,7ffda9e7c1b8,7ffda9e7dd60,0,1621,0,0,0,0,0,1,0,0,2
2,7ffda9e7d9fa,0,0,3242,0,0,0,0,0,0,0,0,0
2,7ffda9e7ddfd,7ffda9e7dd90,0,770,0,2,0,0,0,1,0,0,6
2,7ffda9e55df0,7ffda9e55dfe,0,9036,0,1965,0,0,0,1,0,0,3932
2,7ffda9e7ddb3,7ffda9e7de25,0,2628,0,2,0,0,0,1,0,0,6
1,7ffda9e55df2,7ffda9e55dcd,0,5995,0,0,0,0,0,1,0,0,2
2,7ffda9efd5f4,0,0,3,0,0,0,0,0,0,0,0,0
2,7ffda9e7ddf7,7ffda9e7dd90,0,848,0,16,0,0,0,1,0,0,34
5,7ffda9e7c1f6,7ffda9e7dd60,0,1621,0,0,0,0,0,1,0,0,2
1,7ffda9e7dd8b,7ffda9e7dd93,0,16012,0,0,0,0,0,1,0,0,2
2,7ffda9e55dc5,7ffda9e55dfb,0,5836,0,1067,0,0,0,1,0,0,2136
2,7ffda9e7ddc5,0,0,14934,0,0,0,0,0,11,0,0,22
2,7ffda9efd5c6,7ffda9efd5cd,0,3,0,0,0,0,0,1,0,0,2
2,7ffda9efd5d8,7ffda9efd5df,0,3,0,0,0,0,0,1,0,0,2
2,7ffda9e7dd9a,7ffda9e7ddc0,0,21418,0,22,0,0,0,1,0,0,46
2,7ffda9e7ddd3,7ffda9e7de25,0,14934,0,147,0,0,0,1,0,0,296
2,7ffda9e55dd4,0,0,9036,0,0,0,0,0,4,0,0,8
5,7ffda9e7c1d7,7ffda9e7dd60,0,1621,0,0,0,0,0,1,0,0,2
2,7ffda9e55d68,0,0,1501,0,0,0,0,0,1,0,0,2
1,7ffda9e55d6a,7ffda9e55d37,0,1501,0,0,0,0,0,1,0,0,2
2,7ffda9e7dd62,0,0,55114,0,0,0,0,0,3,0,0,6
1,7ffda9e55965,7ffda9e558a7,0,407,0,0,0,0,0,1,0,0,2
2,7ffda9e7dd67,0,0,55114,0,0,0,0,0,5,0,0,10
2,7ffda9e55938,7ffda9e55951,0,4463,0,1348,0,0,0,1,0,0,2698
2,7ffda9e7dd3b,7ffda9e7dd4f,0,14428,0,379,0,0,0,1,0,0,760
1,7ffda9e5593a,7ffda9e5590a,0,2793,0,0,0,0,0,1,0,0,2
2,7ffda9e7dd3f,0,0,10754,0,0,0,0,0,3,0,0,6
2,7ffda9e55d3e,7ffda9e55d6c,0,7590,0,1506,0,0,0,1,0,0,3014
1,7ffda9e55d73,7ffda9e55cf1,0,6089,0,0,0,0,0,1,0,0,2
2,7ffda9e7dd34,7ffda9e7dd52,0,14934,0,23,0,0,0,1,0,0,48
1,7ffda9e7d94b,7ffda9e7d9e2,0,3242,0,0,0,0,0,1,0,0,2
2,7ffda9e55d0f,7ffda9e55c9b,0,6089,0,6,0,0,0,1,0,0,14
2,7ffda9ef5d0e,7ffda9ef5d63,0,4,0,0,0,0,0,1,0,0,2
2,7ffda9e55958,7ffda9e558a0,0,5222,0,65,0,0,0,1,0,0,132
2,7ffda9e7d91e,0,0,3242,0,0,0,0,0,0,0,0,0
2,7ffda9e55911,0,0,4463,0,0,0,0,0,2,0,0,4
2,7ffda9e7dd17,0,0,3242,0,0,0,0,0,0,0,0,0
2,7ffda9e55caa,7ffda9e55d78,0,8135,0,9,0,0,0,2,0,0,22
5,7ffda9e7c0ad,7ffda9e7dd60,0,1621,0,0,0,0,0,1,0,0,2
2,7ffda9e558af,7ffda9e556fa,0,5222,0,234,0,0,0,1,0,0,470
2,7ffda9e55cef,7ffda9e55d2e,0,6089,0,4,0,0,0,1,0,0,10
2,7ffda9e7dcb9,0,0,3242,0,0,0,0,0,0,0,0,0
2,7ffda9ef5cf8,0,0,4,0,0,0,0,0,1,0,0,2
2,7ffda9e558ff,7ffda9e55951,0,5222,0,834,0,0,0,1,0,0,1670
2,7ffda9e7dcf2,0,0,3242,0,0,0,0,0,3,0,0,6
2,7ffda9e7d88a,0,0,3242,0,0,0,0,0,1,0,0,2
2,7ffda9e55c8f,7ffda9e55c80,0,16256,0,9,0,0,0,1,0,0,20
5,7ffda9efc88e,7ffda9ce1130,0,3,0,0,0,0,0,1,0,0,2
5,7ffda9efc8c0,7ffdb1fd0850,0,3,0,0,0,0,0,1,0,0,2
2,7ffda9e55cc4,7ffda9e55ca3,0,8128,0,2082,0,0,0,1,0,0,4166
1,7ffda9e55c91,7ffda9e55ca7,0,7,0,0,0,0,0,0,0,0,0
2,7ffda9e7dcd3,7ffda9e7dce7,0,3242,0,0,0,0,0,1,0,0,2
1,7ffda9e55895,7ffda9e558b5,0,1484,0,0,0,0,0,1,0,0,2
2,7ffda9e558d7,0,0,5222,0,0,0,0,0,6,0,0,12
2,7ffda9e55c6f,0,0,7,0,0,0,0,0,0,0,0,0
2,7ffda9f75424,7ffda9f75446,0,15,0,2,0,0,0,1,0,0,6
2,7ffda9e55c3f,7ffda9e55c30,0,64,0,1,0,0,0,1,0,0,4
2,7ffda9efd030,7ffda9efd5b3,0,3,0,1,0,0,0,1,0,0,4
2,7ffda9e55872,7ffda9e5588a,0,411,0,38,0,0,0,1,0,0,78
2,7ffda9e55835,7ffda9e5588a,0,1484,0,19,0,0,0,1,0,0,40
1,7ffda9e55874,7ffda9e55840,0,269,0,0,0,0,0,1,0,0,2
1,7ffda9e55c0b,7ffda9afaba0,0,7,0,0,0,0,0,1,0,0,2
2,7ffda9e7d80b,0,0,3242,0,0,0,0,0,0,0,0,0
2,7ffda9e5580a,0,0,1484,0,0,0,0,0,1,0,0,2
5,7ffda9e7c040,7ffda9e7dd60,0,1621,0,0,0,0,0,1,0,0,2
2,7ffda9e55847,0,0,411,0,0,0,0,0,2,0,0,4
2,7ffda9e55c1f,0,0,1,0,0,0,0,0,0,0,0,0
2,7ffda9f75412,0,0,15,0,0,0,0,0,0,0,0,0
2,7ffda9e557ef,7ffda9e5575c,0,4366,0,1433,0,0,0,1,0,0,2868
3,7ffda9e7dbee,7ffda9e7dd80,0,3242,0,0,0,0,0,1,0,0,2
2,7ffda9e55be6,0,0,8,0,1,0,0,0,1,0,0,4
3,7ffda9ef57a6,7ffda9f01ef0,0,4,0,0,0,0,0,1,0,0,2
2,7ffda9e7dbfe,0,0,3242,0,0,0,0,0,0,0,0,0
2,7ffda9ef57b2,7ffda9ef57bc,0,4,0,0,0,0,0,1,0,0,2
1,7ffda9e557f5,7ffda9e557c0,0,2732,0,0,0,0,0,1,0,0,2
3,7ffda9e55bf6,7ffda9e55c50,0,7,0,0,0,0,0,1,0,0,2
2,7ffda9ef57ca,0,0,4,0,0,0,0,0,0,0,0,0
2,7ffda9e5578e,7ffda9e55730,0,5222,0,2,0,0,0,1,0,0,6
2,7ffda9ef5781,7ffda9ef5796,0,4,0,1,0,0,0,1,0,0,4
2,7ffda9e557c7,0,0,4366,0,0,0,0,0,2,0,0,4
7,7ffda9e7c386,7ffda9e7c134,0,7383,0,0,0,0,0,0,0,0,0
3,7ffda9e55bdb,7ffda9afab90,0,8,0,0,0,0,0,1,0,0,2
7,7ffda9e7cbdb,7ffda9e7ceab,0,608,0,0,0,0,0,0,0,0,0
7,7ffda9e7cf69,7ffdac49f322,0,308,0,0,0,0,0,0,0,0,0
1,7ffda9e55728,7ffda9e5576a,0,1484,0,0,0,0,0,1,0,0,2
1,7ffda9e55b6d,7ffda9e55ac2,0,8,0,0,0,0,0,1,0,0,2
2,7ffda9e55b22,0,0,8,0,0,0,0,0,1,0,0,2
2,7ffda9e55764,7ffda9e55800,0,5222,0,356,0,0,0,1,0,0,714
1,7ffda9e55b64,7ffda9e55b2d,0,1,0,0,0,0,0,0,0,0,0
2,7ffda9e7db27,0,0,3242,0,0,0,0,0,0,0,0,0
2,7ffda9e55770,0,0,5222,0,0,0,0,0,4,0,0,8
2,7ffda9e55b34,7ffda9e55b66,0,9,0,1,0,0,0,1,0,0,4
2,7ffda9e5570b,0,0,8978,0,0,0,0,0,2,0,0,4
2,7ffda9ef574f,0,0,4,0,0,0,0,0,0,0,0,0
1,7ffda9ef575b,7ffda9ef5776,0,4,0,0,0,0,0,1,0,0,2
2,7ffda9e5575a,7ffda9e557b7,0,5222,0,1266,0,0,0,1,0,0,2534
2,7ffda9e55b5e,0,0,1,0,0,0,0,0,1,0,0,2
1,7ffda9e7db54,7ffda9e7dbe9,0,3242,0,0,0,0,0,1,0,0,2
2,7ffda9e556a9,0,0,8149,0,0,0,0,0,2,0,0,4
2,7ffda9e55aaf,7ffda9e55aec,0,5837,0,12,0,0,0,1,0,0,26
7,7ffda9ef4ae5,7ffda9e9fd92,0,4,0,0,0,0,0,0,0,0,0
2,7ffda9e556f1,7ffda9e55720,0,8978,0,288,0,0,0,1,0,0,578
3,7ffda9e55af1,7ffda9e55b80,0,8,0,0,0,0,0,1,0,0,2
2,7ffda9e7dab0,0,0,3242,0,0,0,0,0,0,0,0,0
2,7ffda9e55ac0,0,0,5829,0,0,0,0,0,4,0,0,8
5,7ffda9efca85,0,0,3,0,0,0,2,0,1,0,0,6
7,7ffda9ef4ac5,7ffdac49f84b,0,4,0,0,0,0,0,0,0,0,0
2,7ffda9e55698,7ffda9e556ed,0,8978,0,1,0,0,0,1,0,0,4
2,7ffda9e55ad0,7ffda9e55ad6,0,5837,0,2,0,0,0,1,0,0,6
2,7ffda9e556d4,7ffda9e556ed,0,8149,0,218,0,0,0,1,0,0,438
1,7ffda9e556d6,7ffda9e556a2,0,5060,0,0,0,0,0,1,0,0,2
2,7ffda9e55673,0,0,8978,0,0,0,0,0,0,0,0,0
7,7ffda9e7c234,7ffdac49f5f5,0,1621,0,0,0,0,0,0,0,0,0
2,7ffda9e55e08,0,0,5836,0,0,0,0,0,3,0,0,6
2,7ffda9e7da48,0,0,3242,0,0,0,0,0,2,0,0,4
7,7ffda9e7ce00,7ffda9e7cf83,0,308,0,0,0,0,0,0,0,0,0
2,7ffda9e55e11,0,0,5836,0,0,0,0,0,4,0,0,8
7,7ffda9e54255,7ffda9e53538,0,5837,0,0,0,0,0,0,0,0,0
5,7ffda9e7c215,7ffda9e7dd60,0,1621,0,0,0,0,0,1,0,0,2
2,7ffda9e7c1a9,0,0,1621,0,0,0,0,0,1,0,0,2
2,7ffda9e7cded,0,0,308,0,0,0,0,0,1,0,0,2
2,7ffda9efc9a4,7ffda9efca67,0,3,0,0,0,0,0,1,0,0,2
2,7ffda9e7c1e4,0,0,1621,0,0,0,0,0,2,0,0,4
1,7ffda9e5418a,7ffda9e5423d,0,5837,0,0,0,0,0,1,0,0,2
5,7ffda9e7ddce,7ffda9e7dd30,0,14934,0,0,0,0,0,1,0,0,2
2,7ffda9e54181,0,0,5835,0,0,0,0,0,0,0,0,0
7,7ffda9e55d83,7ffda9e55bfb,0,7,0,0,0,0,0,0,0,0,0
2,7ffda9e7c1c5,0,0,1621,0,0,0,0,0,0,0,0,0
3,7ffda9efc986,7ffda9cee280,0,3,0,0,0,0,0,1,0,0,2
7,7ffda9ef5d91,7ffdac49f8f1,0,4,0,0,0,0,0,0,0,0,0
2,7ffda9efc997,0,0,3,0,0,0,0,0,0,0,0,0
7,7ffda9e7dd6b,7ffda9e7c217,0,55114,0,0,0,0,0,0,0,0,0
7,7ffda9e7dd2a,7ffda9e7bfc1,0,3242,0,0,0,0,0,0,0,0,0
3,7ffda9e7c12f,7ffda9e7c2a0,0,2673,0,0,0,0,0,1,0,0,2
2,7ffda9e54125,0,0,6,0,0,0,0,0,0,0,0,0
2,7ffda9e7c167,7ffda9e7c0d0,0,1197,0,27,0,0,0,1,0,0,56
2,7ffda9e7c126,7ffda9e7c139,0,4483,0,204,0,0,0,1,0,0,410
5,7ffda9e7d939,7ffda9e7dd60,0,3242,0,0,0,0,0,1,0,0,2
2,7ffda9e5413a,7ffda9e54100,0,6,0,1,0,0,0,1,0,0,4
2,7ffda9e7c171,7ffda9e7c0d0,0,928,0,2,0,0,0,1,0,0,6
2,7ffda9e54173,0,0,3503,0,0,0,0,0,0,0,0,0
2,7ffda9e54148,7ffda9e54155,0,1,0,0,0,0,0,1,0,0,2
7,7ffda9e7dd4e,7ffda9e7ddd1,0,10754,0,0,0,0,0,0,0,0,0
2,7ffda9e7c100,0,0,1314,0,0,0,0,0,1,0,0,2
2,7ffda9e54105,0,0,6,0,0,0,0,0,0,0,0,0
5,7ffda9e7dd04,7ffda9e7dd60,0,3242,0,0,0,0,0,1,0,0,2
2,7ffda9e7c147,7ffda9e7c0d5,0,4764,0,124,0,0,0,1,0,0,250
2,7ffda9e7c107,7ffda9e7c1a1,0,1314,0,2,0,0,0,1,0,0,6
2,7ffda9e54159,7ffda9e5416f,0,3505,0,1,0,0,0,1,0,0,4
2,7ffda9e7c118,7ffda9e7c139,0,4764,0,22,0,0,0,1,0,0,46
2,7ffda9e5411a,0,0,6,0,0,0,0,0,0,0,0,0
2,7ffda9e5415f,7ffda9e54187,0,2,0,0,0,0,0,1,0,0,2
2,7ffda9efc95e,7ffda9efc978,0,3,0,0,0,0,0,1,0,0,2
7,7ffda9e7dd51,7ffda9e7ddd1,0,3674,0,0,0,0,0,0,0,0,0
2,7ffda9e54110,0,0,6,0,0,0,0,0,0,0,0,0
2,7ffda9e54153,7ffda9e5417d,0,5836,0,0,0,0,0,1,0,0,2
7,7ffda9e7dd54,7ffda9e7ddd1,0,506,0,0,0,0,0,0,0,0,0
3,7ffda9efc8a9,7ffda9ca4a10,0,3,0,0,0,0,0,1,0,0,2
2,7ffda9e7c0eb,7ffda9e7c110,0,6385,0,11,0,0,0,1,0,0,24
5,7ffda9e7d8a5,7ffda9e7dd60,0,3242,0,0,0,0,0,1,0,0,2
2,7ffda9e540e4,7ffda9e5414c,0,5837,0,2,0,0,0,1,0,0,6
7,7ffda9f754a7,7ffda9f0238b,0,14,0,0,0,0,0,0,0,0,0
2,7ffda9e7c0f5,7ffda9e7c1a1,0,1621,0,7,0,0,0,1,0,0,16
2,7ffda9e7ccb4,0,0,308,0,0,0,0,0,0,0,0,0
1,7ffda9e7c0c1,7ffda9e7c0dd,0,1621,0,0,0,0,0,1,0,0,2
1,7ffda9e7cc81,7ffda9e7cc50,0,5,0,0,0,0,0,1,0,0,2
2,7ffda9e7ccc5,7ffda9e7ce01,0,308,0,2,0,0,0,1,0,0,6
2,7ffda9efc8c7,7ffda9efc91d,0,3,0,0,0,0,0,1,0,0,2
5,7ffda9e7dcc6,7ffda9e7dd60,0,3242,0,0,0,0,0,1,0,0,2
2,7ffda9e7c099,0,0,1621,0,0,0,0,0,0,0,0,0
3,7ffda9efc898,7ffda9f1ef30,0,3,0,0,0,0,0,1,0,0,2
3,7ffda9e7c0d8,7ffda9e7dd80,0,4764,0,0,0,0,0,1,0,0,2
2,7ffda9e540d5,7ffda9e540c0,0,9362,0,625,0,0,0,1,0,0,1252
2,7ffda9e54069,7ffda9e540ab,0,5836,0,6,0,0,0,1,0,0,14
2,7ffda9e7c029,0,0,1621,0,0,0,0,0,0,0,0,0
2,7ffda9e54028,7ffda9e5403d,0,5837,0,2,0,0,0,1,0,0,6
2,7ffda9e7cc2f,7ffda9e7cbe0,0,2814,0,2,0,0,0,1,0,0,6
5,7ffda9e7d821,7ffda9e7dd60,0,3242,0,0,0,0,0,1,0,0,2
2,7ffda9e7cc25,7ffda9e7cbe0,0,2858,0,23,0,0,0,2,0,0,50
2,7ffda9efc83b,7ffda9efc844,0,3,0,0,0,0,0,1,0,0,2
2,7ffda9efc87a,0,0,5,0,1,0,0,0,1,0,0,4
3,7ffda9e7cc7c,7ffda9e7c2a0,0,5,0,0,0,0,0,1,0,0,2
3,7ffda9e54035,7ffda9b16d70,0,1,0,0,0,0,0,1,0,0,2
7,7ffda9f75435,7ffda9f023db,0,11,0,0,0,0,0,0,0,0,0
2,7ffda9e7cc74,0,0,5,0,0,0,0,0,0,0,0,0
1,7ffda9e7cc4a,7ffda9e7cc60,0,1,0,0,0,0,0,1,0,0,2
7,7ffda9f7544d,7ffda9f023db,0,4,0,0,0,0,0,0,0,0,0
2,7ffda9e54040,0,0,5837,0,1,0,0,0,1,0,0,4
7,7ffda9e55c46,7ffda9e55af6,0,1,0,0,0,0,0,0,0,0,0
2,7ffda9efc85b,0,0,3,0,0,0,0,0,0,0,0,0
2,7ffda9e7cc5e,7ffda9e7cbe8,0,5,0,0,0,0,0,1,0,0,2
5,7ffda9e7dc10,7ffda9e7dd60,0,3242,0,0,0,0,0,1,0,0,2
1,7ffda9e7c3ac,7ffda9e7bef0,0,1621,0,0,0,0,0,1,0,0,2
3,7ffda9e7cbe3,7ffda9e7c2a0,0,2857,0,0,0,0,0,1,0,0,2
2,7ffda9efcfb2,7ffda9efd023,0,3,0,0,0,0,0,1,0,0,2
3,7ffda9e7cbb7,7ffda9ea6e30,0,608,0,0,0,0,0,1,0,0,2
2,7ffda9e7cbf6,7ffda9e7cbcd,0,2858,0,184,0,0,0,1,0,0,370
2,7ffda9e7cbcb,7ffda9e7cbf8,0,608,0,4,0,0,0,1,0,0,10
7,7ffda9ef57db,7ffdac49fa72,0,4,0,0,0,0,0,0,0,0,0
3,7ffda9e7c39a,7ffda9e7b8c0,0,1621,0,0,0,0,0,1,0,0,2
2,7ffda9efcf9e,0,0,3,0,0,0,0,0,1,0,0,2
1,7ffda9e7cf90,7ffda9e7ce80,0,308,0,0,0,0,0,1,0,0,2
2,7ffda9efcf6a,0,0,3,0,0,0,0,0,0,0,0,0
2,7ffda9e7c363,0,0,10855,0,0,0,0,0,2,0,0,4
2,7ffda9e7c322,7ffda9e7c37d,0,39953,0,284,0,0,0,1,0,0,570
1,7ffda9e7c365,7ffda9e7c314,0,10855,0,0,0,0,0,1,0,0,2
2,7ffda9efcf7f,7ffda9efcf93,0,3,0,2,0,0,0,1,0,0,6
3,7ffda9e7cf7e,7ffda9e7cc90,0,308,0,0,0,0,0,1,0,0,2
2,7ffda9e7c331,7ffda9e7c2f0,0,39953,0,918,0,0,0,1,0,0,1838
2,7ffda9e7c348,7ffda9e7c360,0,25328,0,301,0,0,0,1,0,0,604
5,7ffda9e7db42,7ffda9e7dd60,0,3242,0,0,0,0,0,1,0,0,2
3,7ffda9efcf47,7ffda9d6ebc0,0,3,0,0,0,0,0,1,0,0,2
2,7ffda9e7cf18,7ffda9e7cf5e,0,308,0,0,0,0,0,1,0,0,2
7,7ffda9e5571f,7ffda9e5251c,0,8978,0,0,0,0,0,0,0,0,0
2,7ffda9e7c352,0,0,14473,0,0,0,0,0,7,0,0,14
1,7ffda9e7c354,7ffda9e7c2f0,0,14473,0,0,0,0,0,0,0,0,0
7,7ffda9e55aeb,7ffda9e52ad0,0,5837,0,0,0,0,0,0,0,0,0
2,7ffda9e7ceed,0,0,308,0,0,0,0,0,0,0,0,0
1,7ffda9e7c2e7,7ffda9e7c324,0,7383,0,0,0,0,0,1,0,0,2
3,7ffda9e7cea6,7ffda9e7cba0,0,608,0,0,0,0,0,1,0,0,2
2,7ffda9ef4aba,7ffda9ef4ac5,0,4,0,1,0,0,0,1,0,0,4
2,7ffda9e7c2ff,0,0,29098,0,0,0,0,0,6,0,0,12
2,7ffda9e7c2be,0,0,7383,0,0,0,0,0,1,0,0,2
2,7ffda9e7cef1,7ffda9e7cf10,0,308,0,0,0,0,0,1,0,0,2
2,7ffda9e7ceb2,7ffda9e7cea0,0,608,0,53,0,0,0,1,0,0,108
2,7ffda9e7cecc,0,0,308,0,0,0,0,0,0,0,0,0
2,7ffda9e7cec3,0,0,308,0,0,0,0,0,1,0,0,2
5,7ffda9e7dac6,7ffda9e7dd60,0,3242,0,0,0,0,0,1,0,0,2
2,7ffda9e7ce99,0,0,308,0,0,0,0,0,0,0,0,0
2,7ffda9ef4ada,7ffda9ef4ae5,0,4,0,2,0,0,0,1,0,0,6
2,7ffda9e7ced1,7ffda9e7cee7,0,308,0,1,0,0,0,1,0,0,4
2,7ffda9efca92,7ffda9efcf3b,0,3,0,1,0,0,0,1,0,0,4
2,7ffda9e7c228,0,0,1621,0,0,0,0,0,0,0,0,0
7,7ffda9e7de2c,7ffda9e7c0dd,0,16012,0,0,0,0,0,0,0,0,0
2,7ffda9e7ce63,7ffda9e7ce50,0,1848,0,2,0,0,0,1,0,0,6
1,7ffda9e7ce65,7ffda9e7cddf,0,308,0,0,0,0,0,1,0,0,2
3,7ffda9e7ce26,7ffda9e7c2a0,0,1848,0,0,0,0,0,1,0,0,2
2,7ffda9e7ce36,7ffda9e7ce20,0,1848,0,8,0,0,0,1,0,0,18
2,7ffda9e7ce0d,0,0,308,0,0,0,0,0,0,0,0,0
5,7ffda9e7da0c,7ffda9e7dd60,0,3242,0,0,0,0,0,1,0,0,2
2,7ffda9e7ce43,0,0,308,0,0,0,0,0,0,0,0,0
2,7ffda9e7c203,0,0,1621,0,0,0,0,0,1,0,0,2
3,7ffda9e7ce05,7ffda9f768f0,0,308,0,0,0,0,0,1,0,0,2
7,7ffda9efd607,7ffda9cb061d,0,3,0,0,0,0,0,0,0,0,0
5,7ffda9e7da59,7ffda9e7dd60,0,3242,0,0,0,0,0,1,0,0,2
2,7ffda9e7ce18,0,0,308,0,0,0,0,0,0,0,0,0
7,7ffda9e55e1a,7ffda9e52a2f,0,5836,0,0,0,0,0,0,0,0,0
3,7ffda9e7ce57,7ffda9e7bd00,0,1848,0,0,0,0,0,1,0,0,2
2,7ffda9e539a9,7ffda9e539d7,0,8,0,1,0,0,0,1,0,0,4
2,7ffda9e7bde8,7ffda9e7be00,0,34285,0,70,0,0,0,1,0,0,142
2,7ffda9e535ed,7ffda9e535f5,0,9362,0,1363,0,0,0,1,0,0,2728
2,7ffda9e531e3,0,0,5985,0,0,0,0,0,1,0,0,2
2,7ffda9e539e5,0,0,1,0,0,0,0,0,0,0,0,0
2,7ffda9e7b9f9,0,0,1621,0,0,0,0,0,0,0,0,0
2,7ffda9e7bdbb,0,0,3658,0,0,0,0,0,0,0,0,0
3,7ffda9e539bd,7ffda9e53a20,0,7,0,0,0,0,0,1,0,0,2
3,7ffda9e531fd,7ffda99e4410,0,5985,0,0,0,0,0,1,0,0,2
1,7ffda9e535f3,7ffda9e53628,0,2263,0,0,0,0,0,1,0,0,2
2,7ffda9e535b5,7ffda9e537b4,0,9362,0,89,0,0,0,1,0,0,180
2,7ffda9e7bdf7,7ffda9e7be68,0,24507,0,2,0,0,0,1,0,0,6
2,7ffda9e7bd88,0,0,3658,0,0,0,0,0,0,0,0,0
2,7ffda9e5318c,7ffda9e531c2,0,5985,0,0,0,0,0,1,0,0,2
3,7ffda9e7b98c,7ffda9e7d7a0,0,1621,0,0,0,0,0,1,0,0,2
2,7ffda9e535cf,0,0,9362,0,0,0,0,0,4,0,0,8
2,7ffda9e5358e,7ffda9e537b9,0,5837,0,2,0,0,0,1,0,0,6
2,7ffda9e531c5,7ffda9e531d9,0,5985,0,1,0,0,0,1,0,0,4
1,7ffda9e7bdc5,7ffda9e7be68,0,3658,0,0,0,0,0,1,0,0,2
2,7ffda9e53186,0,0,5985,0,0,0,0,0,1,0,0,2
2,7ffda9e7b999,0,0,1621,0,0,0,0,0,3,0,0,6
1,7ffda9e5359a,7ffda9e535bb,0,5836,0,0,0,0,0,1,0,0,2
2,7ffda9e7bd9a,7ffda9e7bdb5,0,3658,0,2,0,0,0,1,0,0,6
3,7ffda9e5399e,7ffda9afab90,0,7,0,0,0,0,0,1,0,0,2
1,7ffda9e539d2,7ffda9afaba0,0,7,0,0,0,0,0,1,0,0,2
1,7ffda9e53928,7ffda9e538f4,0,4,0,0,0,0,0,1,0,0,2
2,7ffda9e5312f,0,0,6082,0,0,0,0,0,2,0,0,4
2,7ffda9e53922,0,0,4,0,0,0,0,0,0,0,0,0
2,7ffda9e5353e,7ffda9e53583,0,5837,0,4,0,0,0,1,0,0,10
1,7ffda9e53931,7ffda9e53872,0,8,0,0,0,0,0,1,0,0,2
3,7ffda9e53533,7ffda9e53ff0,0,5837,0,0,0,0,0,1,0,0,2
1,7ffda9e53172,7ffda9e53206,0,97,0,0,0,0,0,1,0,0,2
1,7ffda9e7bd49,7ffda9e7bd71,0,3658,0,0,0,0,0,1,0,0,2
7,7ffda9e5290d,7ffda9e52009,0,1,0,0,0,0,0,0,0,0,0
2,7ffda9e5314e,7ffda9e53158,0,97,0,0,0,0,0,1,0,0,2
2,7ffda9e53142,7ffda9e53177,0,6082,0,110,0,0,0,1,0,0,222
2,7ffda9e7b91a,0,0,1621,0,0,0,0,0,0,0,0,0
2,7ffda9e53511,7ffda9e5352b,0,5837,0,3,0,0,0,1,0,0,8
2,7ffda9e538e9,0,0,8,0,0,0,0,0,0,0,0,0
2,7ffda9e7b8e5,7ffda9e7b8fd,0,1621,0,0,0,0,0,1,0,0,2
3,7ffda9e534a4,7ffda99e4480,0,13,0,0,0,0,0,1,0,0,2
3,7ffda9e534e4,7ffda99e4420,0,13,0,0,0,0,0,1,0,0,2
2,7ffda9e538fb,7ffda9e5392a,0,12,0,8,0,0,0,1,0,0,18
3,7ffda9e538bb,7ffda9e53940,0,7,0,0,0,0,0,1,0,0,2
2,7ffda9e534bd,0,0,13,0,0,0,0,0,1,0,0,2
1,7ffda9e534b1,7ffda9e534b5,0,13,0,0,0,0,0,1,0,0,2
3,7ffda9e534c8,7ffda99e4490,0,13,0,0,0,0,0,1,0,0,2
2,7ffda9e7bc88,0,0,1621,0,0,0,0,0,0,0,0,0
2,7ffda9e53880,7ffda9e53886,0,5837,0,1,0,0,0,1,0,0,4
2,7ffda9e5349a,0,0,13,0,0,0,0,0,0,0,0,0
2,7ffda9e534df,0,0,13,0,0,0,0,0,0,0,0,0
2,7ffda9e53461,0,0,13,0,0,0,0,0,0,0,0,0
2,7ffda9e7bc63,0,0,1621,0,0,0,0,0,0,0,0,0
2,7ffda9e7bc25,0,0,1621,0,0,0,0,0,0,0,0,0
2,7ffda9e53438,7ffda9e53448,0,5837,0,22,0,0,0,1,0,0,46
2,7ffda9e53870,0,0,5829,0,0,0,0,0,0,0,0,0
2,7ffda9e7bc09,0,0,1621,0,0,0,0,0,0,0,0,0
1,7ffda9e53443,7ffda9e53505,0,5824,0,0,0,0,0,1,0,0,2
2,7ffda9e53802,0,0,1,0,0,0,0,0,0,0,0,0
2,7ffda9e7bc44,0,0,1621,0,0,0,0,0,0,0,0,0
2,7ffda9e5385f,7ffda9e538b6,0,5836,0,9,0,0,0,1,0,0,20
2,7ffda9e53416,7ffda9e537cb,0,6406,0,123,0,0,0,1,0,0,248
2,7ffda9e537ea,7ffda9e537f1,0,1,0,0,0,0,0,1,0,0,2
1,7ffda9e537af,7ffda9e536f1,0,5836,0,0,0,0,0,1,0,0,2
1,7ffda9e537a3,7ffda9e53655,0,69,0,0,0,0,0,1,0,0,2
2,7ffda9e7bba7,7ffda9e7baa5,0,4764,0,174,0,0,0,1,0,0,350
2,7ffda9e533fa,7ffda9e53412,0,9858,0,1356,0,0,0,1,0,0,2714
2,7ffda9e533bd,7ffda9e53412,0,6405,0,881,0,0,0,1,0,0,1764
1,7ffda9e533fc,7ffda9e533c8,0,6476,0,0,0,0,0,1,0,0,2
3,7ffda9e7bfbc,7ffda9e7d7a0,0,1621,0,0,0,0,0,1,0,0,2
2,7ffda9e7bfc9,0,0,1621,0,0,0,0,0,0,0,0,0
2,7ffda9e533cf,0,0,9858,0,0,0,0,0,5,0,0,10
3,7ffda9e7bb8f,7ffda9e7bd00,0,1810,0,0,0,0,0,1,0,0,2
2,7ffda9e537c1,7ffda9e537cb,0,5837,0,2,0,0,0,1,0,0,6
2,7ffda9e7bbc7,7ffda9e7baa0,0,1197,0,21,0,0,0,1,0,0,44
3,7ffda9e537c6,7ffda99e43f0,0,1,0,0,0,0,0,1,0,0,2
2,7ffda9e7bb86,7ffda9e7bb94,0,4511,0,257,0,0,0,1,0,0,516
2,7ffda9e53398,0,0,6405,0,0,0,0,0,1,0,0,2
3,7ffda9e5379b,7ffda9b16d70,0,69,0,0,0,0,0,1,0,0,2
2,7ffda9e7bbd1,7ffda9e7baa0,0,928,0,0,0,0,0,1,0,0,2
1,7ffda9e537d2,7ffda9e5336d,0,6406,0,0,0,0,0,1,0,0,2
2,7ffda9e5336f,7ffda9e537d7,0,6406,0,0,0,0,0,4,0,0,8
2,7ffda9e53b2f,7ffda9e53b5e,0,7599,0,1552,0,0,0,1,0,0,3106
1,7ffda9e7bb6f,7ffda9e7bb14,0,1372,0,0,0,0,0,1,0,0,2
1,7ffda9e53760,7ffda9e535a0,0,1,0,0,0,0,0,1,0,0,2
1,7ffda9e53b65,7ffda9e53acb,0,6089,0,0,0,0,0,1,0,0,2
2,7ffda9e7bb3a,7ffda9e7bb10,0,9192,0,152,0,0,0,1,0,0,306
2,7ffda9e7bf4a,0,0,1621,0,0,0,0,0,0,0,0,0
2,7ffda9e53b0f,7ffda9e53a80,0,6089,0,1,0,0,0,1,0,0,4
2,7ffda9e53741,7ffda9e535a0,0,6405,0,3,0,0,0,1,0,0,8
1,7ffda9c73704,7ffda9ba70d0,0,616,0,0,0,0,0,1,0,0,2
2,7ffda9e7bb47,7ffda9e7bb68,0,1372,0,46,0,0,0,1,0,0,94
2,7ffda9e53719,0,0,6405,0,0,0,0,0,0,0,0,0
2,7ffda9e7bb1b,7ffda9e7bb94,0,9192,0,30,0,0,0,2,0,0,64
1,7ffda9e53b5c,7ffda9e53b28,0,1510,0,0,0,0,0,1,0,0,2
2,7ffda9e7bf15,7ffda9e7bf2d,0,1621,0,0,0,0,0,1,0,0,2
3,7ffda9e53757,7ffda9b16d70,0,1,0,0,0,0,0,1,0,0,2
2,7ffda9e53b56,0,0,1510,0,0,0,0,0,0,0,0,0
3,7ffda9e7baa8,7ffda9e7dd80,0,4764,0,0,0,0,0,1,0,0,2
2,7ffda9e536ea,7ffda9e5370b,0,9976,0,48,0,0,0,1,0,0,98
1,7ffda9e536ec,7ffda9e536ba,0,9664,0,0,0,0,0,1,0,0,2
2,7ffda9e53aa1,7ffda9e53a80,0,8128,0,2085,0,0,0,1,0,0,4172
2,7ffda9e7bea3,0,0,8540,0,0,0,0,0,1,0,0,2
1,7ffda9e7bee2,7ffda9e7bdca,0,12452,0,0,0,0,0,1,0,0,2
1,7ffda9e7bea5,7ffda9e7bde0,0,8540,0,0,0,0,0,1,0,0,2
2,7ffda9e7bae5,7ffda9e7bb80,0,4764,0,3,0,0,0,1,0,0,8
3,7ffda9e53afb,7ffda9e53120,0,6082,0,0,0,0,0,1,0,0,2
2,7ffda9e7babb,7ffda9e7bae0,0,6385,0,8,0,0,0,1,0,0,18
1,7ffda9e7baff,7ffda9e7bb1d,0,251,0,0,0,0,0,1,0,0,2
3,7ffda9e536fe,7ffda9e53840,0,5836,0,0,0,0,0,1,0,0,2
2,7ffda9e536b1,7ffda9e5370b,0,6405,0,7,0,0,0,1,0,0,16
2,7ffda9e53af1,7ffda9e53b00,0,6089,0,8,0,0,0,1,0,0,18
2,7ffda9e7beb3,0,0,15498,0,0,0,0,0,0,0,0,0
2,7ffda9e7baf2,7ffda9e7bb94,0,253,0,3,0,0,0,1,0,0,8
1,7ffda9c736f4,7ffda9ba70a0,0,617,0,0,0,0,0,1,0,0,2
2,7ffda9e53ac9,7ffda9e53b1f,0,6089,0,2,0,0,0,1,0,0,6
2,7ffda9e7bec8,7ffda9e7bdca,0,15498,0,111,0,0,0,2,0,0,226
2,7ffda9e536c1,7ffda9e537a8,0,15812,0,252,0,0,0,1,0,0,506
2,7ffda9e7bac5,7ffda9e7bc01,0,1621,0,5,0,0,0,1,0,0,12
2,7ffda9e53687,0,0,6405,0,0,0,0,0,3,0,0,6
2,7ffda9e53a87,7ffda9e53b6a,0,8128,0,11,0,0,0,1,0,0,24
2,7ffda9e7be98,7ffda9e7beb0,0,24038,0,93,0,0,0,1,0,0,188
1,7ffda9e7ba91,7ffda9e7baad,0,1621,0,0,0,0,0,1,0,0,2
2,7ffda9e7bad0,0,0,1314,0,0,0,0,0,0,0,0,0
2,7ffda9e7bad7,7ffda9e7bc01,0,1314,0,0,0,0,0,1,0,0,2
2,7ffda9e7ba69,0,0,1621,0,0,0,0,0,0,0,0,0
7,7ffda9e52222,7ffda9e53679,0,6405,0,0,0,0,0,0,0,0,0
1,7ffda9e53662,7ffda9e535ae,0,2573,0,0,0,0,0,1,0,0,2
2,7ffda9e53a64,0,0,7,0,0,0,0,0,0,0,0,0
2,7ffda9e7be24,7ffda9e7bee7,0,9778,0,36,0,0,0,1,0,0,74
2,7ffda9e7be66,0,0,6120,0,0,0,0,0,0,0,0,0
2,7ffda9e53639,7ffda9e53670,0,3526,0,55,0,0,0,2,0,0,114
2,7ffda9e7be78,7ffda9e7bde0,0,34285,0,342,0,0,0,1,0,0,686
2,7ffda9e5367b,0,0,6405,0,0,0,0,0,5,0,0,10
2,7ffda9e53a3f,0,0,7,0,0,0,0,0,0,0,0,0
2,7ffda9e53633,7ffda9e53670,0,9362,0,4,0,0,0,1,0,0,10
1,7ffda9e53a74,7ffda9e53a8d,0,7,0,0,0,0,0,1,0,0,2
2,7ffda9e53a0f,7ffda9e53a00,0,64,0,1,0,0,0,1,0,0,4
2,7ffda9e5364f,7ffda9e5378b,0,2573,0,79,0,0,0,1,0,0,160
2,7ffda9e53643,7ffda9e535ae,0,2957,0,26,0,0,0,1,0,0,54
2,7ffda9e7be03,7ffda9e7be1c,0,9778,0,2,0,0,0,1,0,0,6
2,7ffda9e53602,7ffda9e53620,0,18805,0,5300,0,0,0,1,0,0,10602
7,7ffda9e52a04,7ffda9e5217e,0,1,0,0,0,0,0,0,0,0,0
2,7ffda9e5361b,7ffda9e53628,0,12969,0,1064,0,0,0,1,0,0,2130
1,7ffda9e5361d,7ffda9e535fb,0,11706,0,0,0,0,0,1,0,0,2
2,7ffda9e53a5f,7ffda9e53a50,0,16256,0,7,0,0,0,1,0,0,16
7,7ffda9e52215,7ffda9ee2266,0,1,0,0,0,0,0,0,0,0,0
2,7ffda9e521a8,7ffda9e521c9,0,8192,0,0,0,0,0,5,0,0,10
1,7ffda9e525aa,7ffda9e52450,0,824,0,0,0,0,0,1,0,0,2
2,7ffda9e525a1,7ffda9e52450,0,8978,0,528,0,0,0,1,0,0,1058
2,7ffda9e529e0,0,0,1,0,0,0,0,0,1,0,0,2
3,7ffda9e521e3,7ffda9afaba0,0,1,0,0,0,0,0,1,0,0,2
5,7ffda9e7b9a6,7ffda9e7dd60,0,1621,0,0,0,0,0,1,0,0,2
2,7ffda9e525fa,0,0,1,0,0,0,0,0,0,0,0,0
2,7ffda9e525bc,0,0,8149,0,0,0,0,0,0,0,0,0
2,7ffda9e529f0,0,0,1,0,0,0,0,0,0,0,0,0
2,7ffda9e521f0,0,0,1,0,0,0,0,0,0,0,0,0
3,7ffda9e521f2,7ffda99e4420,0,1,0,0,0,0,0,1,0,0,2
2,7ffda9e521b7,7ffda9e521a0,0,8192,0,2318,0,0,0,1,0,0,4638
2,7ffda9e521c0,7ffda9e521a0,0,5837,0,42,0,0,0,1,0,0,86
3,7ffda9e521c2,7ffda99e43f0,0,36,0,0,0,0,0,0,0,0,0
2,7ffda9e52185,0,0,1,0,0,0,0,0,0,0,0,0
2,7ffda9e52584,7ffda9e5259b,0,7007,0,113,0,0,0,1,0,0,228
1,7ffda9e521c7,7ffda9e521a0,0,36,0,0,0,0,0,1,0,0,2
1,7ffda9e52586,7ffda9e52556,0,4321,0,0,0,0,0,1,0,0,2
1,7ffda9e525db,7ffda9e525b5,0,5060,0,0,0,0,0,1,0,0,2
1,7ffda9e5219e,7ffda9e521aa,0,1,0,0,0,0,0,1,0,0,2
2,7ffda9e525d5,7ffda9e5248f,0,8149,0,2637,0,0,0,1,0,0,5276
1,7ffda9e521d5,7ffda9e521d9,0,1,0,0,0,0,0,1,0,0,2
3,7ffda9e52165,0,0,1,0,0,0,0,0,1,0,0,2
2,7ffda9e52526,0,0,8978,0,0,0,0,0,0,0,0,0
3,7ffda9e52179,0,0,1,0,0,0,0,0,1,0,0,2
2,7ffda9e5297e,0,0,1,0,0,0,0,0,1,0,0,2
2,7ffda9e5254b,7ffda9e5259b,0,8978,0,32,0,0,0,1,0,0,66
2,7ffda9e5255d,0,0,7007,0,0,0,0,0,0,0,0,0
2,7ffda9e52951,0,0,1,0,0,0,0,0,0,0,0,0
3,7ffda9e52517,7ffda9e55640,0,8978,0,0,0,0,0,1,0,0,2
2,7ffda9e528e2,7ffda9e528e9,0,1,0,0,0,0,0,1,0,0,2
2,7ffda9e528fa,0,0,1,0,0,0,0,0,0,0,0,0
7,7ffda9e538b5,7ffda9e53703,0,5837,0,0,0,0,0,0,0,0,0
2,7ffda9e524f4,7ffda9e5250c,0,8978,0,2,0,0,0,1,0,0,6
2,7ffda9e52489,7ffda9e525af,0,8978,0,2311,0,0,0,1,0,0,4624
2,7ffda9e528c1,7ffda9e526a1,0,5348,0,1791,0,0,0,1,0,0,3584
1,7ffda9e528c7,7ffda9e52892,0,3328,0,0,0,0,0,0,0,0,0
2,7ffda9e52899,0,0,5348,0,0,0,0,0,2,0,0,4
2,7ffda9e5249a,7ffda9e524e0,0,8978,0,3,0,0,0,1,0,0,8
7,7ffda9e7bc94,7ffda9e7c39f,0,1621,0,0,0,0,0,0,0,0,0
2,7ffda9e52462,0,0,8978,0,0,0,0,0,3,0,0,6
1,7ffda9e52822,7ffda9e527ee,0,938,0,0,0,0,0,0,0,0,0
2,7ffda9e52878,7ffda9e526dd,0,5369,0,1436,0,0,0,1,0,0,2874
1,7ffda9e5287e,7ffda9e52849,0,3373,0,0,0,0,0,1,0,0,2
2,7ffda9e52432,0,0,5836,0,0,0,0,0,2,0,0,4
5,7ffda9e7bc75,7ffda9e7dd60,0,1621,0,0,0,0,0,1,0,0,2
5,7ffda9e7bc37,7ffda9e7dd60,0,1621,0,0,0,0,0,1,0,0,2
2,7ffda9e5200d,0,0,1,0,0,0,0,0,1,0,0,2
1,7ffda9e52400,7ffda9e523ce,0,3328,0,0,0,0,0,1,0,0,2
3,7ffda9e52004,7ffda9e52230,0,1,0,0,0,0,0,1,0,0,2
1,7ffda9e52447,7ffda9e5245d,0,5836,0,0,0,0,0,1,0,0,2
7,7ffda9e53818,7ffda9e51ffc,0,1,0,0,0,0,0,0,0,0,0
5,7ffda9e7bc18,7ffda9e7dd60,0,1621,0,0,0,0,0,1,0,0,2
2,7ffda9e5281c,7ffda9e5271e,0,1520,0,102,0,0,0,1,0,0,206
2,7ffda9e52850,0,0,5369,0,0,0,0,0,5,0,0,10
2,7ffda9e52457,7ffda9e52370,0,8978,0,399,0,0,0,1,0,0,800
5,7ffda9e7bc56,7ffda9e7dd60,0,1621,0,0,0,0,0,1,0,0,2
2,7ffda9e523fe,7ffda9e52426,0,5348,0,898,0,0,0,1,0,0,1798
2,7ffda9e527b5,7ffda9e52610,0,7747,0,463,0,0,0,1,0,0,928
2,7ffda9e527f5,0,0,1520,0,0,0,0,0,0,0,0,0
2,7ffda9e5278d,7ffda9e527b1,0,6889,0,817,0,0,0,1,0,0,1636
1,7ffda9e5278f,7ffda9e5275f,0,4311,0,0,0,0,0,0,0,0,0
2,7ffda9e527c0,7ffda9e526f0,0,1911,0,0,0,0,0,1,0,0,2
2,7ffda9e52383,7ffda9e525f2,0,5836,0,0,0,0,0,2,0,0,4
2,7ffda9e523c4,7ffda9e52426,0,5836,0,660,0,0,0,1,0,0,1322
2,7ffda9e5239f,0,0,5836,0,0,0,0,0,3,0,0,6
2,7ffda9e523d5,0,0,5348,0,0,0,0,0,1,0,0,2
5,7ffda9e7bfd6,7ffda9e7dd60,0,1621,0,0,0,0,0,1,0,0,2
2,7ffda9e52329,7ffda9e522b9,0,5348,0,1732,0,0,0,1,0,0,3466
1,7ffda9e5232b,7ffda9e522fa,0,3328,0,0,0,0,0,0,0,0,0
1,7ffda9e5236d,7ffda9e52389,0,1,0,0,0,0,0,1,0,0,2
2,7ffda9e5272f,0,0,7747,0,0,0,0,0,1,0,0,2
2,7ffda9e52b27,0,0,5348,0,0,0,0,0,3,0,0,6
2,7ffda9e52766,0,0,6889,0,0,0,0,0,1,0,0,2
7,7ffda9e53b75,7ffda9e539c2,0,7,0,0,0,0,0,0,0,0,0
2,7ffda9e52b09,7ffda9e52b1a,0,5836,0,505,0,0,0,1,0,0,1012
1,7ffda9e52b0f,7ffda9e52b4c,0,3816,0,0,0,0,0,1,0,0,2
2,7ffda9e52301,0,0,5348,0,0,0,0,0,0,0,0,0
2,7ffda9e52b40,7ffda9e52b4c,0,5348,0,529,0,0,0,1,0,0,1060
1,7ffda9e52b42,7ffda9e52b20,0,3328,0,0,0,0,0,1,0,0,2
2,7ffda9e52718,7ffda9e527e5,0,1911,0,2,0,0,0,1,0,0,6
1,7ffda9e52b18,7ffda9e52ac2,0,5836,0,0,0,0,0,1,0,0,2
2,7ffda9e5235a,0,0,1,0,0,0,0,0,0,0,0,0
2,7ffda9e52754,7ffda9e527b1,0,7747,0,512,0,0,0,1,0,0,1026
2,7ffda9e52b57,7ffda9e52a20,0,5836,0,0,0,0,0,1,0,0,2
1,7ffda9e526e8,7ffda9e52722,0,5836,0,0,0,0,0,1,0,0,2
2,7ffda9e526ab,0,0,2020,0,0,0,0,0,1,0,0,2
7,7ffda9e7beed,7ffda9e7bb94,0,3658,0,0,0,0,0,0,0,0,0
2,7ffda9e52ae6,0,0,5836,0,0,0,0,0,0,0,0,0
2,7ffda9e52abc,0,0,9203,0,0,0,0,0,3,0,0,6
1,7ffda9e52abe,7ffda9e52a8b,0,9203,0,0,0,0,0,1,0,0,2
2,7ffda9e522b7,7ffda9e522f1,0,5837,0,1561,0,0,0,1,0,0,3124
1,7ffda9e5228b,7ffda9e522cc,0,1,0,0,0,0,0,1,0,0,2
3,7ffda9e52acb,7ffda9e55a90,0,5836,0,0,0,0,0,1,0,0,2
2,7ffda9e522ca,7ffda9e52336,0,5837,0,0,0,0,0,1,0,0,2
2,7ffda9e52a80,0,0,5837,0,2,0,0,0,1,0,0,6
2,7ffda9e522da,7ffda9e52290,0,5837,0,4,0,0,0,1,0,0,10
2,7ffda9e52a92,7ffda9e52b11,0,15039,0,5160,0,0,0,1,0,0,10322
2,7ffda9e52ad5,7ffda9e52a3f,0,5837,0,2,0,0,0,1,0,0,6
2,7ffda9e526d7,7ffda9e52840,0,5836,0,1080,0,0,0,1,0,0,2162
3,7ffda9e52a2a,7ffda9e55d90,0,5836,0,0,0,0,0,1,0,0,2
1,7ffda9e5266f,7ffda9e526b1,0,3816,0,0,0,0,0,1,0,0,2
2,7ffda9e52661,7ffda9e52889,0,5836,0,1600,0,0,0,1,0,0,3202
3,7ffda9e52a3a,7ffda9ee0e80,0,5836,0,0,0,0,0,1,0,0,2
5,7ffda9e7ba7d,7ffda9e7dd60,0,1621,0,0,0,0,0,1,0,0,2
2,7ffda9e52272,0,0,1,0,0,0,0,0,0,0,0,0
5,7ffda9e53675,7ffda9e52220,0,6405,0,0,0,0,0,1,0,0,2
2,7ffda9e52636,0,0,5836,0,0,0,0,0,3,0,0,6
1,7ffda9e5260d,7ffda9e52625,0,1,0,0,0,0,0,1,0,0,2
2,7ffda9e52a45,7ffda9e529e2,0,5837,0,0,0,0,0,3,0,0,6
2,7ffda9e52205,0,0,1,0,0,0,0,0,0,0,0,0
2,7ffda9e52a58,0,0,5837,0,0,0,0,0,5,0,0,10
7,7ffda9e5321a,7ffda9e53b00,0,6082,0,0,0,0,0,0,0,0,0
2,7ffda9e5261f,7ffda9e528d5,0,5836,0,0,0,0,0,3,0,0,6
5,7ffda9e7ba10,7ffda9e7dd60,0,1621,0,0,0,0,0,1,0,0,2
1,7ffda9e52a17,0,0,1,0,0,0,0,0,1,0,0,2
7,7ffda9e53a16,7ffda9e538c0,0,1,0,0,0,0,0,0,0,0,0
2,7ffdac6d1421,0,0,4,0,0,0,0,0,0,0,0,0
7,7ffdb1fd086c,7ffda9efc8c3,0,3,0,0,0,0,0,0,0,0,0
2,7ffdac6d1443,0,0,6,0,0,0,0,0,0,0,0,0
2,7ffdac6d13ac,0,0,14,0,0,0,0,0,0,0,0,0
2,7ffdac6d13fb,0,0,1,0,0,0,0,0,0,0,0,0
2,7ffdac6d13cc,7ffdac6d13f1,0,4,0,0,0,0,0,1,0,0,2
2,7ffdac6d13c0,0,0,4,0,0,0,0,0,0,0,0,0
1,7ffdac6d1600,7ffdac6d13a0,0,14,0,0,0,0,0,1,0,0,2
7,7ffdac6d1578,7ffdac49fed8,0,2,0,0,0,0,0,0,0,0,0
7,7ffdac6d1506,7ffdac49ffaa,0,1,0,0,0,0,0,0,0,0,0
7,7ffdac6d1542,7ffdac49ff5a,0,1,0,0,0,0,0,0,0,0,0
7,7ffda9e51ca9,7ffda9efca8b,0,1,0,0,0,0,0,0,0,0,0
7,7ffdac6d14ac,7ffdac49ff5a,0,3,0,0,0,0,0,0,0,0,0
7,7ffdac6d14be,7ffdac49fed8,0,4,0,0,0,0,0,0,0,0,0
7,7ffdac6d14d0,7ffdac49ffaa,0,3,0,0,0,0,0,0,0,0,0
4,7ffdac6d1431,7ffdac6d14a7,0,4,0,0,0,1,0,1,0,0,4
4,7ffdac6d140f,7ffdac6d1501,0,1,0,0,0,0,0,1,0,0,2
2,7ffdb1fd085e,7ffdb1fd086a,0,3,0,0,0,0,0,1,0,0,2
4,7ffdac6d1453,7ffdac6d14b9,0,6,0,0,0,2,0,1,0,0,6
4,7ffdac6d13e6,7ffdac6d14cb,0,3,0,0,0,0,0,1,0,0,2
4,7ffdac6d13bc,7ffdac6d13be,0,14,0,0,0,8,0,1,0,0,18
7,7ffda9d6ed64,7ffda9efcf4c,0,3,0,0,0,0,0,0,0,0,0
7,7ffda9cee453,7ffda9efc98b,0,3,0,0,0,0,0,0,0,0,0
7,7ffda9c6efe6,7ffda9ce12fa,0,1,0,0,0,0,0,0,0,0,0
2,7ffda9d6ecad,0,0,3,0,0,0,0,0,0,0,0,0
2,7ffda9d6ecbe,0,0,3,0,0,0,0,0,1,0,0,2
2,7ffda9d6ecc4,7ffda9d6ed59,0,3,0,0,0,0,0,1,0,0,2
2,7ffda9d6ec87,7ffda9d6ec9b,0,3,0,1,0,0,0,1,0,0,4
2,7ffda9d6ec78,0,0,3,0,0,0,0,0,1,0,0,2
2,7ffda9cee441,0,0,3,0,0,0,0,0,0,0,0,0
2,7ffda9d6ebd6,7ffda9d6ec71,0,3,0,1,0,0,0,1,0,0,4
1,7ffda9cee308,7ffda9cee433,0,3,0,0,0,0,0,1,0,0,2
2,7ffda9cee2ab,0,0,3,0,0,0,0,0,0,0,0,0
2,7ffda9cee2b9,7ffda9cee306,0,3,0,0,0,0,0,1,0,0,2
7,7ffff74ccbf1,7ffda9f1c114,0,48,0,0,0,0,0,0,0,0,0
7,7ffff74ccb2f,7ffda9f1d758,0,8157,0,0,0,0,0,0,0,0,0
3,7ffff74ccbb3,7ffff74bd8c0,0,47,0,0,0,0,0,1,0,0,2
2,7ffff74ccbbb,0,0,47,0,0,0,0,0,0,0,0,0
3,7ffff74ccbe1,7ffff74bd4c0,0,47,0,0,0,0,0,1,0,0,2
2,7ffff74ccbe9,0,0,48,0,0,0,0,0,0,0,0,0
3,7ffff74ccb24,7ffff74bcef0,0,8157,0,0,0,0,0,1,0,0,2
2,7ffff74ccb2c,0,0,8157,0,0,0,0,0,0,0,0,0
1,7ffff74ccc64,7ffff74bd960,0,18,0,0,0,0,0,1,0,0,2
2,7ffdac66bdee,7ffdac66bf81,0,308,0,3,0,0,0,1,0,0,8
3,7ffdac66bde3,7ffda9ba7140,0,308,0,0,0,0,0,1,0,0,2
2,7ffdac66bdb1,0,0,308,0,0,0,0,0,0,0,0,0
2,7ffdac66bdc8,0,0,308,0,0,0,0,0,0,0,0,0
3,7ffdac66bdc1,7ffdac5b9af0,0,308,0,0,0,0,0,1,0,0,2
7,7ffda9cea519,7ffda9cb05fe,0,3,0,0,0,0,0,0,0,0,0
3,7ffdac66bcaa,7ffda9c73700,0,308,0,0,0,0,0,1,0,0,2
2,7ffdac66bcfc,7ffdac66bda8,0,308,0,0,0,0,0,1,0,0,2
2,7ffdac66bcba,7ffdac66bcdf,0,308,0,0,0,0,0,1,0,0,2
2,7ffdac66bcca,0,0,308,0,0,0,0,0,0,0,0,0
3,7ffdac66bc93,7ffda9c73700,0,308,0,0,0,0,0,1,0,0,2
7,7ffda9ee2c7e,7ffda9f1ac62,0,1,0,0,0,0,0,0,0,0,0
1,7ffdac66bfba,7ffdac66bcbc,0,308,0,0,0,0,0,1,0,0,2
2,7ffdac66bf88,7ffdac66bfa3,0,308,0,0,0,0,0,1,0,0,2
7,7ffff7dc2dde,7ffda9b012ca,0,12,0,0,0,0,0,0,0,0,0
7,7ffda9ee2269,7ffda9efca8b,0,1,0,0,0,0,0,0,0,0,0
2,7ffda9ee25b8,7ffda9ee2c70,0,1,0,0,0,0,0,1,0,0,2
2,7ffda9cea4ff,0,0,3,0,0,0,0,0,0,0,0,0
7,7ffdac66bcde,7ffda9e7ce0a,0,308,0,0,0,0,0,0,0,0,0
2,7ffda9cea4d5,7ffda9cea4eb,0,3,0,2,0,0,0,1,0,0,6
2,7ffda9cea497,7ffda9cea4d2,0,3,0,0,0,0,0,1,0,0,2
2,7ffff7dc2dd8,0,0,12,0,0,0,0,0,1,0,0,2
2,7ffff7dc2dc7,0,0,12,0,0,0,0,0,2,0,0,4
1,7ffff74cad64,7ffff74bd960,0,1554,0,0,0,0,0,1,0,0,2
7,7ffda9ee05aa,7ffda9f19bd0,0,9362,0,0,0,0,0,0,0,0,0
2,7ffda9ce918a,0,0,2,0,0,0,0,0,1,0,0,2
3,7ffda9ce14e8,0,0,1,0,0,0,0,0,1,0,0,2
3,7ffda9ce10a5,7ffda9ce9180,0,2,0,0,0,0,0,1,0,0,2
2,7ffda9ce10b8,0,0,2,0,0,0,0,0,0,0,0,0
2,7ffda9ce14fb,0,0,1,0,0,0,0,0,1,0,0,2
3,7ffda9ce10b0,7ffda9ce9320,0,2,0,0,0,0,0,1,0,0,2
3,7ffda9ce93a3,7ffda99e4c90,0,2,0,0,0,0,0,1,0,0,2
7,7ffda9ee0fb7,7ffda9e52a3f,0,5836,0,0,0,0,0,0,0,0,0
2,7ffda9ce93c0,0,0,1,0,0,0,0,0,0,0,0,0
2,7ffda9ce9386,7ffda9ce93b1,0,2,0,0,0,0,0,1,0,0,2
1,7ffda9ce93da,7ffda9ce9388,0,1,0,0,0,0,0,1,0,0,2
2,7ffda9ce939e,0,0,2,0,0,0,0,0,0,0,0,0
1,7ffda9ce9391,7ffda9ce9396,0,2,0,0,0,0,0,1,0,0,2
2,7ffda9ce93d6,0,0,1,0,0,0,0,0,0,0,0,0
2,7ffda9ce9360,0,0,2,0,0,0,0,0,0,0,0,0
7,7ffda9ee033a,7ffda9ee0598,0,1,0,0,0,0,0,0,0,0,0
3,7ffda9ee1333,7ffda9e55a90,0,1,0,0,0,0,0,1,0,0,2
2,7ffda9ee1374,0,0,1,0,0,0,0,0,0,0,0,0
3,7ffda9ce9348,7ffda99e4ca0,0,2,0,0,0,0,0,1,0,0,2
2,7ffda9ce9343,0,0,2,0,0,0,0,0,0,0,0,0
2,7ffda9ee1346,0,0,1,0,0,0,0,0,1,0,0,2
2,7ffda9ce9350,0,0,2,0,0,0,0,0,0,0,0,0
2,7ffda9ce1310,0,0,1,0,0,0,0,0,1,0,0,2
2,7ffda9ce9355,0,0,2,0,0,0,0,0,0,0,0,0
3,7ffda9ee12ac,0,0,1,0,0,0,0,0,1,0,0,2
3,7ffda9ce12fd,0,0,1,0,0,0,0,0,1,0,0,2
3,7ffda9ce12f5,0,0,1,0,0,0,0,0,1,0,0,2
2,7ffda9ee12b7,7ffda9ee1324,0,1,0,0,0,0,0,1,0,0,2
3,7ffda9ee1299,0,0,1,0,0,0,0,0,1,0,0,2
7,7ffda9ce0a0a,7ffda9ce130e,0,1,0,0,0,0,0,0,0,0,0
2,7ffda9ee05bb,7ffda9ee05ab,0,427,0,40,0,0,0,1,0,0,82
2,7ffda9ee05fb,7ffda9ee0553,0,8217,0,2601,0,0,0,1,0,0,5204
2,7ffda9ee05b5,0,0,427,0,0,0,0,0,0,0,0,0
1,7ffda9ee05cf,7ffda9ee05a3,0,1093,0,0,0,0,0,1,0,0,2
1,7ffda9ee05c3,7ffda9ee05a3,0,32,0,0,0,0,0,1,0,0,2
2,7ffda9ee0584,7ffda9ee0598,0,1587,0,0,0,0,0,1,0,0,2
2,7ffda9ee059f,7ffda9ee05c5,0,1555,0,76,0,0,0,1,0,0,154
2,7ffda9ee05de,0,0,8217,0,0,0,0,0,1,0,0,2
2,7ffda9ee0591,7ffda9ee05ab,0,33,0,1,0,0,0,1,0,0,4
3,7ffda9ee0593,7ffda9ee02e0,0,1,0,0,0,0,0,1,0,0,2
7,7ffda9ce9194,7ffda9ce10aa,0,2,0,0,0,0,0,0,0,0,0
2,7ffda9ee0569,0,0,8978,0,0,0,0,0,3,0,0,6
2,7ffda9ee056f,7ffda9ee05a3,0,8978,0,39,0,0,0,1,0,0,80
2,7ffda9ee0564,0,0,8978,0,0,0,0,0,1,0,0,2
2,7ffda9ee057e,7ffda9ee05a1,0,3006,0,158,0,0,0,1,0,0,318
7,7ffda9ce1133,7ffdac49f1f1,0,6,0,0,0,0,0,0,0,0,0
2,7ffda9ee0575,7ffda9ee05a1,0,8596,0,269,0,0,0,1,0,0,540
7,7ffda9ce150b,7ffdac49f119,0,1,0,0,0,0,0,0,0,0,0
2,7ffda9ee0507,0,0,8978,0,0,0,0,0,2,0,0,4
2,7ffda9ee0547,7ffda9ee05d1,0,8978,0,2295,0,0,0,1,0,0,4592
2,7ffda9ee055f,0,0,8978,0,0,0,0,0,5,0,0,10
2,7ffda9ee0510,7ffda9ee0522,0,8978,0,2,0,0,0,1,0,0,6
2,7ffda9ee0556,0,0,8978,0,0,0,0,0,2,0,0,4
2,7ffda9ee04ec,7ffda9ee04fa,0,7128,0,1467,0,0,0,1,0,0,2936
1,7ffda9ee04ee,7ffda9ee04c9,0,4417,0,0,0,0,0,1,0,0,2
2,7ffda9ee0489,7ffda9ee05a3,0,9362,0,37,0,0,0,2,0,0,78
2,7ffda9ee04c2,7ffda9ee04f7,0,8978,0,817,0,0,0,1,0,0,1636
7,7ffda9ce10c5,7ffda9cb056d,0,2,0,0,0,0,0,0,0,0,0
2,7ffda9ee049a,0,0,8978,0,0,0,0,0,5,0,0,10
2,7ffda9ee04d0,0,0,7128,0,0,0,0,0,2,0,0,4
1,7ffda9ee0421,0,0,1,0,0,0,0,0,1,0,0,2
3,7ffda9ee043b,7ffda99e43f0,0,1,0,0,0,0,0,1,0,0,2
2,7ffda9ee0435,0,0,1,0,0,0,0,0,0,0,0,0
1,7ffda9ee0440,7ffda9ee0312,0,1,0,0,0,0,0,1,0,0,2
1,7ffda9ee0404,7ffda9ee0399,0,5836,0,0,0,0,0,1,0,0,2
3,7ffda9ee0414,7ffda9b16d70,0,1,0,0,0,0,0,1,0,0,2
2,7ffda9ee0fa7,0,0,5836,0,0,0,0,0,0,0,0,0
2,7ffda9ee03e6,7ffda9ee0406,0,5836,0,0,0,0,0,1,0,0,2
7,7ffda9ce93b0,7ffda9ce10b5,0,2,0,0,0,0,0,0,0,0,0
2,7ffda9ee03c9,7ffda9ee0390,0,11673,0,582,0,0,0,1,0,0,1166
3,7ffda9ee0fc8,7ffda9b16d70,0,7,0,0,0,0,0,1,0,0,2
7,7ffda9ee1384,7ffda9e5216a,0,1,0,0,0,0,0,0,0,0,0
2,7ffda9ee039d,7ffda9ee0423,0,11673,0,0,0,0,0,4,0,0,8
1,7ffda9ee0fd1,7ffda9ee0ed0,0,7,0,0,0,0,0,1,0,0,2
2,7ffda9ee0323,0,0,1,0,0,0,0,0,0,0,0,0
2,7ffda9ee0f22,0,0,9202,0,0,0,0,0,5,0,0,10
2,7ffda9ee0f79,7ffda9ee0f99,0,5836,0,1,0,0,0,1,0,0,4
1,7ffda9ee037f,7ffda9ee03a3,0,1,0,0,0,0,0,1,0,0,2
2,7ffda9ee0309,7ffda9ee033b,0,1,0,0,0,0,0,1,0,0,2
5,7ffda9ce130b,0,0,1,0,0,0,0,0,1,0,0,2
2,7ffda9ee0f11,7ffda9ee0f6e,0,5836,0,313,0,0,0,1,0,0,628
2,7ffda9ee0f50,7ffda9ee0f6e,0,9202,0,1867,0,0,0,1,0,0,3736
2,7ffda9ee0353,0,0,1,0,0,0,0,0,0,0,0,0
1,7ffda9ee0f52,7ffda9ee0f1b,0,6101,0,0,0,0,0,1,0,0,2
3,7ffda9ee0eac,7ffda99e4480,0,5836,0,0,0,0,0,1,0,0,2
2,7ffda9ee0ee4,0,0,5836,0,0,0,0,0,2,0,0,4
3,7ffda9ee0ebd,7ffda9edf1e0,0,5836,0,0,0,0,0,1,0,0,2
2,7ffda9ee0eca,0,0,5836,0,8,0,0,0,1,0,0,18
1,7ffda9ee0601,7ffda9ee05d7,0,5123,0,0,0,0,0,1,0,0,2
2,7ffda9f17da1,0,0,769,0,0,0,0,0,3,0,0,6
2,7ffdac49f5fc,0,0,1621,0,0,0,0,0,2,0,0,4
2,7ffdac49f1bb,0,0,1,0,0,0,0,0,1,0,0,2
2,7ffdac49f9bb,0,0,3,0,0,0,0,0,0,0,0,0
3,7ffdac49f9b4,7ffdac49fea0,0,3,0,0,0,0,0,1,0,0,2
2,7ffdac49f5b6,0,0,3,0,0,0,0,0,0,0,0,0
3,7ffdac49f5f0,7ffda9e7c390,0,1621,0,0,0,0,0,1,0,0,2
2,7ffda9f17db6,0,0,1177,0,0,0,0,0,0,0,0,0
2,7ffda9f17dc8,7ffda9f17db0,0,1177,0,25,0,0,0,1,0,0,52
2,7ffda9f17dcd,7ffda9f17dd8,0,769,0,4,0,0,0,1,0,0,10
2,7ffdac49f588,0,0,1,0,0,0,0,0,0,0,0,0
3,7ffda9e9fd8d,7ffda9ef4ad0,0,4,0,0,0,0,0,1,0,0,2
1,7ffdac49f58a,7ffdac49f5ea,0,1,0,0,0,0,0,1,0,0,2
2,7ffdac49f5c6,0,0,4,0,0,0,0,0,0,0,0,0
2,7ffda9e9fd82,0,0,4,0,0,0,0,0,0,0,0,0
3,7ffda9e9fd99,7ffda9f02350,0,4,0,0,0,0,0,1,0,0,2
2,7ffda9f17ddc,7ffda9f17d7d,0,769,0,0,0,0,0,1,0,0,2
2,7ffdac49f1da,0,0,1,0,0,0,0,0,0,0,0,0
1,7ffda9f17d95,7ffda9b16420,0,870,0,0,0,0,0,1,0,0,2
2,7ffdac49f9d0,7ffdac49fa17,0,3,0,0,0,0,0,1,0,0,2
1,7ffda9e9fdd7,7ffda9ef5ce0,0,4,0,0,0,0,0,1,0,0,2
1,7ffda9e9fd6b,7ffda9ef4ab0,0,4,0,0,0,0,0,1,0,0,2
2,7ffdac49f16b,0,0,1,0,0,0,0,0,1,0,0,2
2,7ffda9f17d7b,7ffda9f17d9a,0,1638,0,69,0,0,0,1,0,0,140
3,7ffda9e9fd7a,7ffda9f04850,0,4,0,0,0,0,0,1,0,0,2
2,7ffdac49f109,0,0,1,0,0,0,0,0,0,0,0,0
3,7ffda9e9fd59,7ffda9f023a0,0,4,0,0,0,0,0,1,0,0,2
2,7ffdac49f11b,0,0,1,0,0,0,0,0,1,0,0,2
3,7ffdac49f114,0,0,1,0,0,0,0,0,1,0,0,2
2,7ffdac49f913,7ffdac49f2d0,0,307,0,0,0,0,0,1,0,0,2
3,7ffdac49f8ec,7ffda9e9fdd0,0,4,0,0,0,0,0,1,0,0,2
3,7ffdac49f4a0,7ffdac6d1600,0,1,0,0,0,0,0,1,0,0,2
2,7ffdac49f8a1,0,0,4,0,0,0,0,0,1,0,0,2
1,7ffda9f17ca7,7ffda9f17d73,0,1638,0,0,0,0,0,1,0,0,2
2,7ffdac49f4e2,0,0,1,0,0,0,0,0,0,0,0,0
2,7ffdac49f4fc,7ffdac49f62a,0,1,0,0,0,0,0,1,0,0,2
3,7ffdac49f4be,7ffdab087ec0,0,1,0,0,0,0,0,1,0,0,2
1,7ffdac49f8f9,7ffdac49f810,0,4,0,0,0,0,0,1,0,0,2
3,7ffdac49f8ba,7ffda9e9fd70,0,4,0,0,0,0,0,1,0,0,2
2,7ffdac49f8f7,0,0,4,0,0,0,0,0,0,0,0,0
2,7ffdac49f48f,7ffdac49f582,0,2,0,1,0,0,0,1,0,0,4
3,7ffdac49f488,7ffdac49fea0,0,2,0,0,0,0,0,1,0,0,2
2,7ffdac49f882,7ffdac49f89a,0,4,0,0,0,0,0,1,0,0,2
2,7ffda9f17c9c,0,0,1638,0,0,0,0,0,2,0,0,4
3,7ffdac49f4da,0,0,1,0,0,0,0,0,1,0,0,2
2,7ffdac49f46b,7ffdac49f5ea,0,267,0,2,0,0,0,1,0,0,6
1,7ffdac49f425,7ffdac49f459,0,3,0,0,0,0,0,1,0,0,2
1,7ffdac49f461,7ffdac49f5b0,0,3,0,0,0,0,0,1,0,0,2
2,7ffdac49f878,0,0,4,0,0,0,0,0,0,0,0,0
2,7ffdac49f439,7ffdac49f466,0,286,0,15,0,0,0,1,0,0,32
2,7ffda9f1f075,0,0,3,0,0,0,0,0,0,0,0,0
2,7ffdac49f408,7ffdac49f5ea,0,1335,0,5,0,0,0,1,0,0,12
3,7ffdac49f846,7ffda9e9fd40,0,4,0,0,0,0,0,1,0,0,2
2,7ffdac49f401,0,0,1335,0,0,0,0,0,0,0,0,0
3,7ffdac49f45c,7ffdac49f980,0,3,0,0,0,0,0,1,0,0,2
2,7ffdac49f819,7ffdac49f900,0,4,0,0,0,0,0,1,0,0,2
2,7ffdac49f417,0,0,3,0,0,0,0,0,0,0,0,0
2,7ffdac49f3ab,0,0,308,0,0,0,0,0,0,0,0,0
2,7ffdac49f3e5,7ffdac49f3b9,0,1620,0,0,0,0,0,1,0,0,2
3,7ffdac49ffa5,7ffdac6d1600,0,4,0,0,0,0,0,1,0,0,2
2,7ffdac49ffe0,0,0,1,0,0,0,0,0,0,0,0,0
1,7ffdac49ffe2,7ffdac4a0190,0,1,0,0,0,0,0,1,0,0,2
2,7ffdac49f3fa,0,0,1335,0,0,0,0,0,0,0,0,0
2,7ffdac49f3b7,7ffdac49f3e7,0,308,0,1,0,0,0,1,0,0,4
2,7ffdac49f3f3,7ffdac49f430,0,1621,0,92,0,0,0,1,0,0,186
1,7ffdac49f3cc,7ffdac49f81f,0,4,0,0,0,0,0,1,0,0,2
2,7ffdac49f38d,7ffdac49f3a7,0,308,0,0,0,0,0,1,0,0,2
2,7ffdac49f388,0,0,308,0,0,0,0,0,0,0,0,0
2,7ffdac49fb89,7ffdac49fbce,0,3,0,0,0,0,0,1,0,0,2
1,7ffdac49f785,7ffdac49f794,0,1,0,0,0,0,0,1,0,0,2
2,7ffdac49ff86,0,0,1,0,0,0,0,0,0,0,0,0
2,7ffdac49ffc1,7ffdac4a0190,0,4,0,0,0,0,0,1,0,0,2
2,7ffdac49f3c2,7ffdac49f900,0,307,0,4,0,0,0,1,0,0,10
2,7ffdac49fbdc,0,0,3,0,0,0,0,0,0,0,0,0
2,7ffdac49f7d4,7ffdac49f5b8,0,1,0,0,0,0,0,1,0,0,2
2,7ffdac49ffd6,0,0,1,0,0,0,0,0,0,0,0,0
2,7ffdac49f797,7ffdac49f7bb,0,1,0,0,0,0,0,1,0,0,2
2,7ffdac49ff90,0,0,1,0,0,0,0,0,0,0,0,0
1,7ffdac49ff92,7ffdac49ff99,0,1,0,0,0,0,0,1,0,0,2
3,7ffdac49f32d,7ffda9c736f0,0,308,0,0,0,0,0,1,0,0,2
2,7ffdac49ff28,7ffdac49ff36,0,2,0,1,0,0,0,1,0,0,4
2,7ffdac49fb29,7ffdac49fb10,0,15,0,8,0,0,0,1,0,0,18
3,7ffdac49f76a,7ffda9f04a60,0,1,0,0,0,0,0,1,0,0,2
3,7ffdac49f361,7ffda9f94760,0,308,0,0,0,0,0,1,0,0,2
3,7ffdac49fb7d,7ffda9f02840,0,3,0,0,0,0,0,1,0,0,2
2,7ffdac49ff39,7ffdac49fff0,0,1,0,0,0,0,0,1,0,0,2
2,7ffdac49fb3a,0,0,3,0,0,0,0,0,0,0,0,0
1,7ffdac49ff34,7ffdac49ff3f,0,1,0,0,0,0,0,1,0,0,2
2,7ffdac49f336,0,0,308,0,0,0,0,0,0,0,0,0
3,7ffdac49f736,7ffda9f01af0,0,1,0,0,0,0,0,1,0,0,2
2,7ffdac49ff71,7ffdac49ff99,0,4,0,1,0,0,0,1,0,0,4
2,7ffdac49ff32,0,0,1,0,0,0,0,0,0,0,0,0
1,7ffdac49fb73,7ffdac49fb77,0,3,0,0,0,0,0,1,0,0,2
2,7ffdac49ff0f,7ffdac49ff3f,0,5,0,0,0,0,0,1,0,0,2
2,7ffdac49ff45,0,0,4,0,0,0,0,0,0,0,0,0
2,7ffdac49f347,0,0,308,0,0,0,0,0,0,0,0,0
3,7ffdac49f340,7ffda9c736f0,0,308,0,0,0,0,0,1,0,0,2
3,7ffdac49f700,7ffda9f01af0,0,1,0,0,0,0,0,1,0,0,2
2,7ffdac49fb43,7ffdac49fb63,0,3,0,0,0,0,0,1,0,0,2
2,7ffdac49f743,7ffdac49f74f,0,1,0,0,0,0,0,1,0,0,2
3,7ffdac49f31d,7ffda9e7cf70,0,308,0,0,0,0,0,1,0,0,2
3,7ffdac49fb1d,7ffda9f01af0,0,15,0,0,0,0,0,1,0,0,2
3,7ffdac49ff55,7ffdac6d1600,0,4,0,0,0,0,0,1,0,0,2
2,7ffdac49f757,7ffdac49f763,0,1,0,0,0,0,0,1,0,0,2
3,7ffdac49fee8,7ffdab087ec0,0,5,0,0,0,0,0,1,0,0,2
2,7ffdac49f2ab,0,0,1,0,0,0,0,0,0,0,0,0
2,7ffdac49fae7,7ffdac49faf3,0,3,0,0,0,0,0,1,0,0,2
2,7ffdac49f2e3,0,0,307,0,0,0,0,0,0,0,0,0
2,7ffdac49fabf,7ffdac49facb,0,3,0,0,0,0,0,1,0,0,2
3,7ffdac49f6b8,7ffda9f01af0,0,1,0,0,0,0,0,1,0,0,2
2,7ffdac49fafb,0,0,3,0,0,0,0,0,0,0,0,0
2,7ffdac49fef0,0,0,5,0,0,0,0,0,0,0,0,0
3,7ffdac49fab2,7ffda9f01af0,0,3,0,0,0,0,0,1,0,0,2
1,7ffdac49f2c8,0,0,1,0,0,0,0,0,1,0,0,2
2,7ffdac49f6c5,7ffdac49f6d1,0,1,0,0,0,0,0,1,0,0,2
2,7ffdac49f683,7ffdac49f690,0,1,0,0,0,0,0,1,0,0,2
3,7ffdac49f290,0,0,1,0,0,0,0,0,1,0,0,2
3,7ffdac49fed3,7ffdac6d1600,0,5,0,0,0,0,0,1,0,0,2
2,7ffdac49fad3,7ffdac49fadf,0,3,0,0,0,0,0,1,0,0,2
3,7ffdac49fa6d,7ffda9ef5720,0,3,0,0,0,0,0,1,0,0,2
2,7ffdac49fa7d,7ffdac49fa8a,0,3,0,0,0,0,0,1,0,0,2
3,7ffdac49f673,7ffda9ef5720,0,1,0,0,0,0,0,1,0,0,2
2,7ffdac49fa4f,7ffdac49fa60,0,3,0,0,0,0,0,1,0,0,2
2,7ffdac49f601,7ffdac49f617,0,1620,0,8,0,0,0,1,0,0,18
2,7ffdac49f202,0,0,1,0,0,0,0,0,1,0,0,2
1,7ffdac49f603,7ffdac49f3e0,0,307,0,0,0,0,0,1,0,0,2
1,7ffdac49f61d,7ffdac49f3e0,0,1313,0,0,0,0,0,0,0,0,0
2,7ffdac49f61b,0,0,1313,0,0,0,0,0,1,0,0,2
5,7ffdac49f1ee,0,0,1,0,0,0,0,0,1,0,0,2
7,7ffda9e9fdad,7ffdac49f8bf,0,4,0,0,0,0,0,0,0,0,0
7,7ffda9f17df7,7ffda9f1d8e2,0,768,0,0,0,0,0,0,0,0,0
5,7ffdac49f19e,0,0,1,0,0,0,0,0,1,0,0,2
5,7ffdac49f14b,0,0,1,0,0,0,0,0,1,0,0,2
7,7ffdac49f08c,7ffda9cb056d,0,1,0,0,0,0,0,0,0,0,0
7,7ffda9f1f087,7ffda9efc89d,0,3,0,0,0,0,0,0,0,0,0
4,7ffdac49f442,7ffdac49f5ea,0,19,0,0,0,0,0,1,0,0,2
7,7ffdac49fbef,7ffdac49f461,0,3,0,0,0,0,0,0,0,0,0
1,7ffda9f1efb4,7ffda9f1f067,0,3,0,0,0,0,0,1,0,0,2
2,7ffda9f1ef55,7ffda9f1efad,0,3,0,1,0,0,0,1,0,0,4
2,7ffda9f1d1e2,0,0,1,0,0,0,0,0,0,0,0,0
2,7ffda9cb59f9,7ffda9cb5ae4,0,3,0,0,0,0,0,1,0,0,2
3,7ffda9f1d1fb,0,0,1,0,0,0,0,0,1,0,0,2
3,7ffda9f1d9fe,0,0,1,0,0,0,0,0,1,0,0,2
2,7ffda9cb59b2,0,0,3,0,0,0,0,0,0,0,0,0
2,7ffda9f1d9f5,0,0,1,0,0,0,0,0,0,0,0,0
2,7ffda9f1d9b7,0,0,1,0,0,0,0,0,1,0,0,2
2,7ffda9f1d5b6,7ffda9f1d5bd,0,1,0,0,0,0,0,1,0,0,2
2,7ffda9f1d58d,7ffda9f1d594,0,1,0,0,0,0,0,1,0,0,2
2,7ffda9f1d5ce,0,0,1,0,0,0,0,0,0,0,0,0
3,7ffda9f1d983,7ffda9dade60,0,1,0,0,0,0,0,1,0,0,2
3,7ffda9f1d998,7ffda9b167b0,0,1,0,0,0,0,0,1,0,0,2
3,7ffda9f1d9dc,0,0,1,0,0,0,0,0,1,0,0,2
2,7ffda9f1d59f,7ffda9f1d5a6,0,1,0,0,0,0,0,1,0,0,2
2,7ffda9cb55d0,0,0,3,0,0,0,0,0,0,0,0,0
1,7ffda9f1d163,0,0,1,0,0,0,0,0,1,0,0,2
2,7ffda9f1d57d,7ffda9f1d584,0,1,0,0,0,0,0,1,0,0,2
3,7ffda9f1d570,7ffda9f1d900,0,1,0,0,0,0,0,1,0,0,2
2,7ffda9f1d977,0,0,1,0,0,0,0,0,0,0,0,0
3,7ffda9f1d943,7ffda9b167b0,0,1,0,0,0,0,0,1,0,0,2
2,7ffda9f1d8e8,7ffda9f1d8d7,0,2404,0,2,0,0,0,2,0,0,8
4,7ffff74bcef4,7ffff72af0e0,0,8157,0,0,0,0,0,1,0,0,2
7,7ffda9f948aa,7ffdac49f366,0,308,0,0,0,0,0,0,0,0,0
2,7ffda9f1d8ac,7ffda9f1d8ea,0,10262,0,3500,0,0,0,2,0,0,7004
2,7ffda9cb58b9,7ffda9cb59a1,0,3,0,1,0,0,0,1,0,0,4
2,7ffda9f1d8c2,7ffda9f1d8a5,0,6827,0,660,0,0,0,1,0,0,1322
1,7ffda9f1d8c6,7ffda9f1d635,0,682,0,0,0,0,0,1,0,0,2
2,7ffda9cb54d9,7ffda9cb55bf,0,3,0,1,0,0,0,1,0,0,4
2,7ffda9f1d09a,0,0,1,0,0,0,0,0,1,0,0,2
3,7ffda9f1d8dd,7ffda9f17c80,0,1638,0,0,0,0,0,1,0,0,2
7,7ffda9cb44dc,7ffda9cb073a,0,3,0,0,0,0,0,0,0,0,0
3,7ffda9f1d4d7,0,0,1,0,0,0,0,0,1,0,0,2
2,7ffda9f1d829,7ffda9f1d85e,0,766,0,14,0,0,0,1,0,0,30
2,7ffda9f1d869,7ffda9f1d8e2,0,766,0,3,0,0,0,1,0,0,8
7,7ffda9f1cc20,7ffda9f1a405,0,1,0,0,0,0,0,0,0,0,0
2,7ffda9f1d024,0,0,1,0,0,0,0,0,1,0,0,2
2,7ffda9f1d832,7ffda9f1d85e,0,382,0,0,0,0,0,1,0,0,2
2,7ffda9f1d872,7ffda9f1d8e2,0,1,0,0,0,0,0,1,0,0,2
2,7ffda9f1d00b,0,0,1,0,0,0,0,0,1,0,0,2
2,7ffda9f1d402,7ffda9f1d3e5,0,1251,0,2,0,0,0,1,0,0,6
7,7ffda9f1c01b,7ffda9f196d1,0,2402,0,0,0,0,0,0,0,0,0
2,7ffda9f1d85c,7ffda9f1d840,0,818,0,2,0,0,0,3,0,0,10
2,7ffda9f1d01e,0,0,1,0,0,0,0,0,0,0,0,0
3,7ffda9f1d3a0,7ffda99e4490,0,385,0,0,0,0,0,1,0,0,2
3,7ffda9f1d7e0,7ffda99e4490,0,7,0,0,0,0,0,1,0,0,2
7,7ffda9f1cfff,7ffda9f1a1ac,0,5837,0,0,0,0,0,0,0,0,0
3,7ffda9f1d7ff,7ffda99e4420,0,7,0,0,0,0,0,1,0,0,2
7,7ffda9cb4bb4,7ffda9cb05b9,0,3,0,0,0,0,0,0,0,0,0
2,7ffda9f1d3b4,7ffda9f1d3c1,0,385,0,0,0,0,0,1,0,0,2
2,7ffda9f1d7f4,0,0,7,0,0,0,0,0,0,0,0,0
3,7ffda9f1d388,7ffda99e4490,0,4,0,0,0,0,0,1,0,0,2
2,7ffda9f1d7cd,0,0,7,0,0,0,0,0,0,0,0,0
3,7ffda9f1d3cc,7ffda99e4420,0,385,0,0,0,0,0,1,0,0,2
2,7ffda9f1d3c7,0,0,385,0,0,0,0,0,0,0,0,0
2,7ffda9f1d323,0,0,1251,0,0,0,0,0,1,0,0,2
2,7ffda9f1d37d,7ffda9f1d392,0,385,0,4,0,0,0,1,0,0,10
3,7ffda9f1d331,7ffda99e4490,0,1251,0,0,0,0,0,1,0,0,2
2,7ffda9f1d749,0,0,7,0,0,0,0,0,0,0,0,0
2,7ffda9f1d34c,7ffda9f1d3f4,0,1251,0,2,0,0,0,1,0,0,6
2,7ffda9f1d70c,0,0,7,0,0,0,0,0,0,0,0,0
1,7ffda9f1d758,7ffda9f1d7bd,0,7,0,0,0,0,0,1,0,0,2
3,7ffda9f1d753,7ffda99e4480,0,7,0,0,0,0,0,1,0,0,2
2,7ffda9f1daaa,0,0,1,0,0,0,0,0,0,0,0,0
3,7ffda9f1d2a7,7ffda99e4480,0,385,0,0,0,0,0,1,0,0,2
1,7ffda9f1d2b3,7ffda9f1d36c,0,385,0,0,0,0,0,1,0,0,2
2,7ffda9cb5af5,0,0,3,0,0,0,0,0,0,0,0,0
2,7ffda9f1d2cb,7ffda9f1d314,0,1251,0,0,0,0,0,1,0,0,2
1,7ffda9f1d687,7ffda9f1d81a,0,758,0,0,0,0,0,1,0,0,2
2,7ffda9f1d299,0,0,385,0,0,0,0,0,0,0,0,0
7,7ffda9f1ce9a,7ffda9f1cb63,0,2,0,0,0,0,0,0,0,0,0
2,7ffda9f1da92,7ffda9f1da99,0,1,0,0,0,0,0,1,0,0,2
2,7ffda9f1d62f,7ffda9f1d8a0,0,5837,0,836,0,0,0,1,0,0,1674
1,7ffda9f1d66f,7ffda9f1d81a,0,1,0,0,0,0,0,1,0,0,2
2,7ffda9f1d221,0,0,1636,0,0,0,0,0,0,0,0,0
2,7ffda9f1da61,7ffda9f1da68,0,1,0,0,0,0,0,1,0,0,2
2,7ffda9f1d664,0,0,1,0,0,0,0,0,1,0,0,2
2,7ffda9f1da38,7ffda9f1da49,0,1,0,0,0,0,0,1,0,0,2
2,7ffda9f1da7b,7ffda9f1da82,0,1,0,0,0,0,0,1,0,0,2
2,7ffda9f1d67c,7ffda9f1d6f3,0,765,0,8,0,0,0,1,0,0,18
2,7ffda9f1d274,0,0,385,0,0,0,0,0,0,0,0,0
2,7ffda9f1d64e,7ffda9f1d8d7,0,2402,0,53,0,0,0,1,0,0,108
2,7ffda9f1d641,0,0,2402,0,0,0,0,0,1,0,0,2
2,7ffda9f1d606,0,0,5837,0,0,0,0,0,0,0,0,0
3,7ffda9f1da19,7ffda9b167b0,0,1,0,0,0,0,0,1,0,0,2
2,7ffda9f1d65a,7ffda9f1d674,0,766,0,1,0,0,0,1,0,0,4
2,7ffda9f1da51,7ffda9f1da58,0,1,0,0,0,0,0,1,0,0,2
2,7ffda9f1d255,7ffda9f1d2b8,0,1636,0,39,0,0,0,1,0,0,80
7,7ffda9f1d5e1,7ffda9f1a5ac,0,1,0,0,0,0,0,0,0,0,0
7,7ffda9cb55e3,7ffda9cb05c4,0,3,0,0,0,0,0,0,0,0,0
1,7ffda9f1cde3,7ffda9f1ce5c,0,2,0,0,0,0,0,1,0,0,2
2,7ffda9f1c1f2,7ffda9f1c1d1,0,3584,0,928,0,0,0,1,0,0,1858
7,7ffda9cb59c5,7ffda9cb0700,0,3,0,0,0,0,0,0,0,0,0
2,7ffda9f1c1d8,7ffda9f1c264,0,3584,0,4,0,0,0,2,0,0,12
2,7ffda9f1c12b,0,0,3,0,0,0,0,0,0,0,0,0
1,7ffda9f1c16c,7ffda9f1c1de,0,3,0,0,0,0,0,1,0,0,2
2,7ffda9f1cd22,7ffda9f1cde1,0,2,0,0,0,0,0,1,0,0,2
3,7ffda9f1c10f,7ffda9afab90,0,3,0,0,0,0,0,1,0,0,2
2,7ffda9f1c14f,7ffda9f1c140,0,7168,0,4,0,0,0,1,0,0,10
2,7ffda9f1c15b,0,0,3,0,0,0,0,0,0,0,0,0
2,7ffda9f1c11a,0,0,3,0,0,0,0,0,0,0,0,0
2,7ffda9cb44ae,7ffda9cb44b8,0,3,0,0,0,0,0,1,0,0,2
7,7ffda9f1d8f8,7ffda9f1a6c9,0,5837,0,0,0,0,0,0,0,0,0
2,7ffda9cb44c9,0,0,3,0,0,0,0,0,0,0,0,0
2,7ffda9f1cc9a,7ffda9f1cd1f,0,2,0,0,0,0,0,1,0,0,2
1,7ffda9f1c09d,7ffda9f1bff2,0,3,0,0,0,0,0,1,0,0,2
2,7ffda9f1cc94,0,0,2,0,0,0,0,0,0,0,0,0
2,7ffda9cb446a,7ffda9cb44ab,0,3,0,0,0,0,0,1,0,0,2
3,7ffda9f1c021,7ffda9f1c0b0,0,3,0,0,0,0,0,1,0,0,2
2,7ffda9f1c064,7ffda9f1c096,0,3,0,0,0,0,0,1,0,0,2
2,7ffda9f1cc3e,0,0,2,0,0,0,0,0,0,0,0,0
2,7ffda9f1cc0a,0,0,1,0,0,0,0,0,0,0,0,0
2,7ffda9f1c000,7ffda9f1c006,0,2402,0,3,0,0,0,1,0,0,8
2,7ffda9f1cc51,7ffda9f1cc86,0,2,0,1,0,0,0,1,0,0,4
2,7ffda9f1c052,0,0,3,0,0,0,0,0,0,0,0,0
3,7ffda9f1cfe9,7ffda9b16d70,0,3,0,0,0,0,0,1,0,0,2
2,7ffda9cb4ba4,0,0,3,0,0,0,0,0,0,0,0,0
2,7ffda9f1cfa6,0,0,36,0,0,0,0,0,1,0,0,2
2,7ffda9f1cfbc,7ffda9f1cfa0,0,36,0,14,0,0,0,1,0,0,30
2,7ffda9f1cbb1,0,0,1,0,0,0,0,0,1,0,0,2
1,7ffda9f1cff1,7ffda9f1cf0e,0,3,0,0,0,0,0,1,0,0,2
7,7ffda9f1d3f3,7ffda9f1a059,0,1636,0,0,0,0,0,0,0,0,0
2,7ffda9f1cbf2,0,0,1,0,0,0,0,0,1,0,0,2
2,7ffda9f1cfc1,7ffda9f1cfce,0,8,0,0,0,0,0,1,0,0,2
2,7ffda9f1cbc1,0,0,1,0,0,0,0,0,1,0,0,2
2,7ffda9f1cf86,0,0,8,0,0,0,0,0,0,0,0,0
2,7ffda9f1cb98,0,0,1,0,0,0,0,0,1,0,0,2
2,7ffda9f1cbdb,0,0,1,0,0,0,0,0,1,0,0,2
2,7ffda9f1cfd1,7ffda9f1ceea,0,8,0,2,0,0,0,1,0,0,6
1,7ffda9f1cfd7,7ffda9f1cf6b,0,1,0,0,0,0,0,0,0,0,0
2,7ffda9f1cf69,7ffda9f1cf80,0,5836,0,4,0,0,0,1,0,0,10
2,7ffda9f9476d,0,0,308,0,0,0,0,0,0,0,0,0
3,7ffda9cb4323,7ffda9cb2210,0,3,0,0,0,0,0,1,0,0,2
3,7ffda9f1cb79,7ffda9b167b0,0,1,0,0,0,0,0,1,0,0,2
2,7ffda9f94779,7ffda9f948a0,0,308,0,0,0,0,0,1,0,0,2
2,7ffda9f1cf7b,7ffda9f1cf00,0,5829,0,2,0,0,0,1,0,0,6
4,7ffff74bd964,7ffff72af6d0,0,1572,0,0,0,0,0,1,0,0,2
3,7ffda9f1cb3c,0,0,1,0,0,0,0,0,1,0,0,2
3,7ffda9f1cf71,7ffda9b16420,0,5829,0,0,0,0,0,1,0,0,2
2,7ffda9cb4333,7ffda9cb4463,0,3,0,0,0,0,0,1,0,0,2
2,7ffda9cb4773,7ffda9cb4b96,0,3,0,1,0,0,0,1,0,0,4
7,7ffda9cb5b08,7ffda9cb070b,0,3,0,0,0,0,0,0,0,0,0
2,7ffda9cb4308,0,0,3,0,0,0,0,0,0,0,0,0
2,7ffda9f1cf08,7ffda9f1cfd9,0,5836,0,7,0,0,0,1,0,0,16
3,7ffda9f1cb5e,0,0,1,0,0,0,0,0,1,0,0,2
2,7ffda9f1cf52,7ffda9f1cff6,0,5836,0,560,0,0,0,1,0,0,1122
2,7ffda9f1cb55,0,0,1,0,0,0,0,0,1,0,0,2
2,7ffda9f1cb17,0,0,1,0,0,0,0,0,1,0,0,2
1,7ffda9f1cee8,7ffda9f1cf58,0,2202,0,0,0,0,0,1,0,0,2
3,7ffda9f1caa3,0,0,1,0,0,0,0,0,1,0,0,2
3,7ffda9f1cae3,0,0,1,0,0,0,0,0,1,0,0,2
3,7ffda9f1caf8,7ffda9b167b0,0,1,0,0,0,0,0,1,0,0,2
7,7ffda9f1dac0,7ffda9f1d575,0,1,0,0,0,0,0,0,0,0,0
4,7ffff74bd8c4,7ffff740b4a0,0,47,0,0,0,0,0,1,0,0,2
4,7ffff74bd4c4,7ffff72b0250,0,47,0,0,0,0,0,1,0,0,2
2,7ffda9f1ced3,7ffda9f1cff6,0,5837,0,508,0,0,0,1,0,0,1018
2,7ffda9f1cad7,0,0,1,0,0,0,0,0,0,0,0,0
2,7ffda9f1c22e,7ffda9f1c1aa,0,3419,0,786,0,0,0,1,0,0,1574
2,7ffda9f1ce62,0,0,2,0,0,0,0,0,1,0,0,2
1,7ffda9f1c262,7ffda9f1c227,0,734,0,0,0,0,0,1,0,0,2
3,7ffda9f1ce7b,7ffda99e4410,0,2,0,0,0,0,0,1,0,0,2
1,7ffda9f1c274,7ffda9afaba0,0,3,0,0,0,0,0,1,0,0,2
7,7ffda9f1d20c,7ffda9f19a8f,0,1,0,0,0,0,0,0,0,0,0
2,7ffda9f1c21d,0,0,2685,0,0,0,0,0,2,0,0,4
2,7ffda9f1c25c,0,0,734,0,0,0,0,0,0,0,0,0
2,7ffda9cb35e0,0,0,3,0,0,0,0,0,0,0,0,0
2,7ffda9cb31a5,7ffda9cb31e7,0,8,0,5,0,0,0,1,0,0,12
2,7ffda9cb31fd,7ffda9cb3225,0,3,0,0,0,0,0,1,0,0,2
2,7ffda9cb35f1,7ffda9cb36a8,0,3,0,0,0,0,0,1,0,0,2
2,7ffda9cb35b5,0,0,6,0,0,0,0,0,6,0,0,12
2,7ffda9cb31f4,7ffda9cb3210,0,8,0,5,0,0,0,1,0,0,12
2,7ffda9cb31b4,7ffda9cb31e0,0,12,0,4,0,0,0,3,0,0,14
1,7ffda9cb35b7,7ffda9cb3580,0,6,0,0,0,0,0,0,0,0,0
7,7ffda9cb21cf,7ffda9cb321c,0,5,0,0,0,0,0,0,0,0,0
2,7ffda9cb3182,0,0,8,0,0,0,0,0,0,0,0,0
2,7ffda9cb3587,7ffda9cb36c7,0,9,0,2,0,0,0,1,0,0,6
3,7ffda9cb35c6,7ffda9cba400,0,3,0,0,0,0,0,1,0,0,2
3,7ffda9cb35d8,7ffda9cb3010,0,3,0,0,0,0,0,1,0,0,2
2,7ffda9cb31d0,0,0,7,0,0,0,0,0,0,0,0,0
1,7ffda9cb31d2,7ffda9cb31ad,0,7,0,0,0,0,0,1,0,0,2
2,7ffda9cb3167,7ffda9cb328b,0,8,0,1,0,0,0,1,0,0,4
3,7ffda9cb3126,7ffda9cb1cb0,0,3,0,0,0,0,0,1,0,0,2
2,7ffda9cb3131,0,0,3,0,0,0,0,0,1,0,0,2
2,7ffda9cb3575,0,0,3,0,0,0,0,0,0,0,0,0
1,7ffda9cb3148,7ffda9cb316d,0,3,0,0,0,0,0,1,0,0,2
2,7ffda9cb354a,0,0,3,0,0,0,0,0,1,0,0,2
7,7ffda9f1a511,7ffda9f19cad,0,766,0,0,0,0,0,0,0,0,0
2,7ffda9cb30e0,0,0,3,0,0,0,0,0,0,0,0,0
2,7ffda9cb30bb,7ffda9cb30d2,0,3,0,1,0,0,0,1,0,0,4
2,7ffda9cb302f,0,0,3,0,0,0,0,0,0,0,0,0
7,7ffda9f1ac7a,7ffda9efca8b,0,1,0,0,0,0,0,0,0,0,0
7,7ffda9f1a471,7ffda9f19a36,0,1,0,0,0,0,0,0,0,0,0
1,7ffda9f1b877,7ffda9f18ba0,0,1,0,0,0,0,0,1,0,0,2
7,7ffda9cba45b,7ffda9cb35cb,0,3,0,0,0,0,0,0,0,0,0
2,7ffda9cb305d,7ffda9cb30b4,0,3,0,0,0,0,0,1,0,0,2
5,7ffda9f1abee,7ffda9ce1130,0,1,0,0,0,0,0,1,0,0,2
7,7ffda9f1a7a6,7ffda9f1a28a,0,1,0,0,0,0,0,0,0,0,0
5,7ffda9f1abfa,7ffda9f1b870,0,1,0,0,0,0,0,1,0,0,2
2,7ffda9f1bff0,0,0,2399,0,0,0,0,0,2,0,0,4
2,7ffda9f1bfdf,7ffda9f1c01c,0,2402,0,5,0,0,0,1,0,0,12
7,7ffda9cb233f,7ffda9cb4328,0,3,0,0,0,0,0,0,0,0,0
7,7ffda9f1a2ae,7ffda9f1ac71,0,1,0,0,0,0,0,0,0,0,0
2,7ffda9cb36b6,0,0,3,0,0,0,0,0,0,0,0,0
1,7ffda9cb36ce,7ffda9cb35bb,0,3,0,0,0,0,0,1,0,0,2
2,7ffda9cb3299,0,0,3,0,0,0,0,0,0,0,0,0
2,7ffda9cb3261,7ffda9cb3160,0,8,0,0,0,0,0,1,0,0,2
2,7ffda9cb3233,0,0,8,0,0,0,0,0,0,0,0,0
2,7ffda9cb324c,7ffda9cb3240,0,8,0,0,0,0,0,1,0,0,2
2,7ffda9cb3243,7ffda9cb325a,0,16,0,6,0,0,0,1,0,0,14
2,7ffda9cb321f,0,0,5,0,0,0,0,0,0,0,0,0
3,7ffda9cb3217,7ffda9cb1fe0,0,5,0,0,0,0,0,1,0,0,2
2,7ffda9f1a1ed,0,0,1,0,0,0,0,0,0,0,0,0
1,7ffda9f1a1ac,7ffda9f19af5,0,5836,0,0,0,0,0,1,0,0,2
3,7ffda9f1a1ef,7ffda99e43f0,0,1,0,0,0,0,0,1,0,0,2
2,7ffda9f1a5ee,0,0,1,0,0,0,0,0,0,0,0,0
3,7ffda9f1a1a7,7ffda9f1cea0,0,5836,0,0,0,0,0,1,0,0,2
3,7ffda9f1a5a7,0,0,1,0,0,0,0,0,1,0,0,2
2,7ffda9f1a1bc,7ffda9f1a1c3,0,1,0,0,0,0,0,1,0,0,2
3,7ffda9f1a5bf,0,0,1,0,0,0,0,0,1,0,0,2
2,7ffda9f1a18b,7ffda9f1a192,0,5837,0,1,0,0,0,1,0,0,4
2,7ffda9f1a199,7ffda9f19af5,0,5837,0,0,0,0,0,2,0,0,4
2,7ffda9f1a1d3,7ffda9f1a1da,0,1,0,0,0,0,0,1,0,0,2
1,7ffda9f1a566,7ffda9f1a507,0,766,0,0,0,0,0,1,0,0,2
3,7ffda9f1a13d,7ffda99e4490,0,382,0,0,0,0,0,1,0,0,2
2,7ffda9f1a17c,0,0,766,0,0,0,0,0,1,0,0,2
3,7ffda9f1a17e,7ffda99e4420,0,766,0,0,0,0,0,0,0,0,0
2,7ffda9f1a135,0,0,382,0,0,0,0,0,0,0,0,0
2,7ffda9f1a149,0,0,382,0,0,0,0,0,1,0,0,2
2,7ffda9f1a10b,7ffda9f1a16c,0,766,0,5,0,0,0,1,0,0,12
3,7ffda9f1a14e,7ffda99e4420,0,382,0,0,0,0,0,1,0,0,2
2,7ffda9f1a518,7ffda9f1a557,0,766,0,1,0,0,0,1,0,0,4
2,7ffda9f1a55a,0,0,766,0,0,0,0,0,0,0,0,0
3,7ffda9f1a11f,7ffda99e4480,0,382,0,0,0,0,0,1,0,0,2
3,7ffda9f1a0a2,7ffda99e4480,0,1,0,0,0,0,0,1,0,0,2
7,7ffda9cb30e7,7ffda9cb35dd,0,3,0,0,0,0,0,0,0,0,0
2,7ffda9f1a0b8,7ffda9f1a0c5,0,1,0,0,0,0,0,1,0,0,2
2,7ffda9f1a4f6,7ffda9f1a512,0,766,0,2,0,0,0,1,0,0,6
2,7ffda9f1a0cc,7ffda9f1a0d6,0,1,0,0,0,0,0,1,0,0,2
2,7ffda9f1a08e,7ffda9f1a0f2,0,766,0,1,0,0,0,1,0,0,4
3,7ffda9f1a495,7ffda9acca30,0,766,0,0,0,0,0,1,0,0,2
3,7ffda9f1a4d6,7ffda99e4480,0,766,0,0,0,0,0,1,0,0,2
2,7ffda9cb202b,0,0,5,0,0,0,0,0,0,0,0,0
3,7ffda9f1ac6c,7ffda9f199f0,0,1,0,0,0,0,0,1,0,0,2
2,7ffda9f1a42f,0,0,1,0,0,0,0,0,1,0,0,2
3,7ffda9f1a02e,7ffda9f195e0,0,2402,0,0,0,0,0,1,0,0,2
2,7ffda9cb203d,7ffda9cb21cb,0,5,0,0,0,0,0,1,0,0,2
2,7ffda9f1a03c,7ffda9f19d30,0,2402,0,75,0,0,0,1,0,0,152
2,7ffda9cba430,0,0,3,0,0,0,0,0,0,0,0,0
2,7ffda9cb2008,0,0,5,0,0,0,0,0,0,0,0,0
2,7ffda9f1a40d,0,0,1,0,0,0,0,0,1,0,0,2
2,7ffda9cba440,0,0,3,0,0,0,0,0,0,0,0,0
3,7ffda9f1a400,7ffda9f1ca60,0,1,0,0,0,0,0,1,0,0,2
2,7ffda9f1ac05,7ffda9f1ac53,0,1,0,0,0,0,0,1,0,0,2
2,7ffda9f1a446,0,0,1,0,0,0,0,0,1,0,0,2
1,7ffda9f1a059,7ffda9f19d30,0,1636,0,0,0,0,0,1,0,0,2
3,7ffda9f1ac5d,7ffda9ee25a0,0,1,0,0,0,0,0,1,0,0,2
2,7ffda9f1a41d,0,0,1,0,0,0,0,0,1,0,0,2
2,7ffda9cba41f,0,0,3,0,0,0,0,0,0,0,0,0
2,7ffda9f1a01f,0,0,2402,0,0,0,0,0,0,0,0,0
2,7ffda9f1a45e,0,0,1,0,0,0,0,0,0,0,0,0
2,7ffda9f1a014,0,0,2402,0,0,0,0,0,1,0,0,2
3,7ffda9f1a054,7ffda9f1d210,0,1636,0,0,0,0,0,1,0,0,2
2,7ffda9f1abb8,7ffda9f1abe0,0,1,0,0,0,0,0,1,0,0,2
2,7ffda9f1a796,0,0,1,0,0,0,0,0,1,0,0,2
2,7ffda9cb232f,0,0,3,0,0,0,0,0,1,0,0,2
3,7ffda9f1a367,7ffda9f1cea0,0,1,0,0,0,0,0,1,0,0,2
2,7ffda9f1a767,0,0,1,0,0,0,0,0,1,0,0,2
2,7ffda9f1a77e,0,0,1,0,0,0,0,0,1,0,0,2
2,7ffda9f1a736,0,0,1,0,0,0,0,0,1,0,0,2
2,7ffda9f1a74d,0,0,1,0,0,0,0,0,1,0,0,2
2,7ffda9f1a705,0,0,1,0,0,0,0,0,0,0,0,0
3,7ffda9f1a707,0,0,1,0,0,0,0,0,1,0,0,2
2,7ffda9f1a71c,0,0,1,0,0,0,0,0,0,0,0,0
3,7ffda9f1a71e,7ffda99e43f0,0,1,0,0,0,0,0,1,0,0,2
2,7ffda9cb2316,7ffda9cb232c,0,3,0,0,0,0,0,1,0,0,2
7,7ffda9cb32a9,7ffda9cb05cf,0,3,0,0,0,0,0,0,0,0,0
2,7ffda9f1a6e2,0,0,1,0,0,0,0,0,1,0,0,2
2,7ffda9cb22a5,7ffda9cb22c5,0,3,0,0,0,0,0,1,0,0,2
2,7ffda9f1a6f3,0,0,1,0,0,0,0,0,1,0,0,2
2,7ffda9cb22c8,7ffda9cb2300,0,3,0,0,0,0,0,1,0,0,2
3,7ffda9f1a285,0,0,1,0,0,0,0,0,1,0,0,2
3,7ffda9f1a6c4,7ffda9f1d5f0,0,5837,0,0,0,0,0,1,0,0,2
7,7ffda9cb36c6,7ffda9cb071b,0,3,0,0,0,0,0,0,0,0,0
2,7ffda9cb2286,0,0,3,0,0,0,0,0,0,0,0,0
2,7ffda9f1a29b,0,0,1,0,0,0,0,0,0,0,0,0
1,7ffda9f1a6da,7ffda9f1a652,0,5836,0,0,0,0,0,1,0,0,2
2,7ffda9f1a6d0,7ffda9f1a652,0,5837,0,0,0,0,0,2,0,0,4
3,7ffda9f1a6d5,7ffda9dadd10,0,5836,0,0,0,0,0,1,0,0,2
2,7ffda9cb222b,0,0,3,0,0,0,0,0,0,0,0,0
2,7ffda9f1a667,7ffda9f1a6df,0,1,0,0,0,0,0,1,0,0,2
2,7ffda9f1a266,0,0,1,0,0,0,0,0,1,0,0,2
2,7ffda9f1a235,0,0,1,0,0,0,0,0,1,0,0,2
2,7ffda9f1a636,0,0,1,0,0,0,0,0,1,0,0,2
2,7ffda9cb2249,7ffda9cb2279,0,3,0,0,0,0,0,1,0,0,2
2,7ffda9f1a24f,0,0,1,0,0,0,0,0,1,0,0,2
3,7ffda9f1a600,7ffda9dae0d0,0,1,0,0,0,0,0,1,0,0,2
2,7ffda9f1a204,0,0,1,0,0,0,0,0,0,0,0,0
3,7ffda9f1a206,7ffda99e43f0,0,1,0,0,0,0,0,1,0,0,2
2,7ffda9f1a65d,7ffda9f1a6b0,0,5838,0,6,0,0,0,1,0,0,14
2,7ffda9f1a21e,0,0,1,0,0,0,0,0,1,0,0,2
3,7ffda9f1a617,7ffda9b166b0,0,1,0,0,0,0,0,1,0,0,2
2,7ffda9f19da9,7ffda9f19da0,0,831,0,1,0,0,0,2,0,0,6
2,7ffda9f19dae,7ffda9f19d30,0,830,0,1,0,0,0,1,0,0,4
1,7ffda9f19de6,7ffda9f19e0e,0,1,0,0,0,0,0,1,0,0,2
2,7ffda9f19d90,0,0,830,0,0,0,0,0,0,0,0,0
2,7ffda9f19dd7,0,0,1,0,0,0,0,0,0,0,0,0
5,7ffda9cb056a,7ffdac49f080,0,3,0,0,0,1,0,1,0,0,4
2,7ffda9f19d3a,7ffda9f1a076,0,3232,0,23,0,0,0,1,0,0,48
2,7ffda9f19d7e,7ffda9f19f65,0,3232,0,269,0,0,0,1,0,0,540
2,7ffda9cb1d36,7ffda9cb1d44,0,1,0,0,0,0,0,1,0,0,2
2,7ffda9cb1d0b,7ffda9cb1d41,0,3,0,1,0,0,0,1,0,0,4
2,7ffda9cb1d4e,0,0,3,0,0,0,0,0,0,0,0,0
1,7ffda9f19d18,7ffda9f19d40,0,766,0,0,0,0,0,1,0,0,2
2,7ffda9cb1d1a,0,0,1,0,0,0,0,0,0,0,0,0
1,7ffda9cb1d54,7ffda9cb1f99,0,3,0,0,0,0,0,1,0,0,2
2,7ffda9f19d54,0,0,3232,0,0,0,0,0,0,0,0,0
3,7ffda9f19ca8,7ffda9f1a480,0,766,0,0,0,0,0,1,0,0,2
2,7ffda9cb1cea,0,0,3,0,0,0,0,0,0,0,0,0
3,7ffda9f19ce3,7ffda99e4480,0,766,0,0,0,0,0,1,0,0,2
3,7ffda9f19cfa,7ffda99e4410,0,766,0,0,0,0,0,1,0,0,2
7,7ffda9f18cf6,7ffda9f1abfd,0,1,0,0,0,0,0,0,0,0,0
2,7ffda9f19cd2,0,0,766,0,0,0,0,0,0,0,0,0
2,7ffda9f19c95,7ffda9f1a183,0,5836,0,6,0,0,0,1,0,0,14
2,7ffda9f19c2d,7ffda9f19c3b,0,757,0,129,0,0,0,1,0,0,260
1,7ffda9f19c2f,7ffda9f19c0a,0,480,0,0,0,0,0,1,0,0,2
2,7ffda9f19c02,7ffda9f19c38,0,766,0,39,0,0,0,1,0,0,80
2,7ffda9f19c45,0,0,766,0,0,0,0,0,0,0,0,0
2,7ffda9f19c5e,7ffda9f19b9f,0,766,0,1,0,0,0,1,0,0,4
2,7ffda9f19c11,0,0,757,0,0,0,0,0,1,0,0,2
2,7ffda9f19c50,0,0,766,0,0,0,0,0,0,0,0,0
2,7ffda9cb1faa,0,0,3,0,0,0,0,0,0,0,0,0
2,7ffda9f19fed,7ffda9f1a00a,0,2236,0,667,0,0,0,1,0,0,1336
1,7ffda9f19fef,7ffda9f19fca,0,1432,0,0,0,0,0,1,0,0,2
2,7ffda9f19bb7,7ffda9f19c90,0,9362,0,474,0,0,0,1,0,0,950
3,7ffda9f19bcb,7ffda9ee0480,0,9362,0,0,0,0,0,1,0,0,2
1,7ffda9f19f8b,7ffda9f19d84,0,419,0,0,0,0,0,1,0,0,2
2,7ffda9f19fc2,7ffda9f1a007,0,2402,0,519,0,0,0,1,0,0,1040
2,7ffda9f19f87,7ffda9f19f6a,0,4252,0,299,0,0,0,1,0,0,600
2,7ffda9f19b98,7ffda9f19bbd,0,5837,0,6,0,0,0,1,0,0,14
1,7ffda9f19b9a,7ffda9f1a183,0,1,0,0,0,0,0,0,0,0,0
2,7ffda9f19bdf,0,0,766,0,0,0,0,0,0,0,0,0
2,7ffda9f19f9f,0,0,2402,0,0,0,0,0,0,0,0,0
2,7ffda9f19fd1,0,0,2236,0,0,0,0,0,0,0,0,0
2,7ffda9f19bd2,7ffda9f19bb0,0,9362,0,6,0,0,0,1,0,0,14
2,7ffda9f19f71,7ffda9f19f90,0,6654,0,2292,0,0,0,1,0,0,4586
2,7ffda9f19b03,7ffda9f19b60,0,5838,0,10,0,0,0,1,0,0,22
2,7ffda9f19b15,7ffda9f1a1b1,0,1,0,0,0,0,0,1,0,0,2
2,7ffda9f196e3,0,0,2402,0,0,0,0,0,0,0,0,0
3,7ffda9f19aa7,7ffda9b166b0,0,1,0,0,0,0,0,1,0,0,2
1,7ffda9f196f2,7ffda9f196c6,0,2402,0,0,0,0,0,1,0,0,2
3,7ffda9f19a8a,0,0,1,0,0,0,0,0,1,0,0,2
2,7ffda9f19acc,7ffda9f19ae3,0,1,0,0,0,0,0,1,0,0,2
3,7ffda9f196cc,7ffda9f1bfc0,0,2402,0,0,0,0,0,1,0,0,2
2,7ffda9f19e85,0,0,1,0,0,0,0,0,1,0,0,2
2,7ffda9f19e90,7ffda9f19df0,0,1,0,0,0,0,0,1,0,0,2
2,7ffda9f19a78,0,0,1,0,0,0,0,0,0,0,0,0
2,7ffda9f19678,0,0,3216,0,0,0,0,0,1,0,0,2
1,7ffda9f1967a,7ffda9f19642,0,3216,0,0,0,0,0,0,0,0,0
2,7ffda9f19e3c,7ffda9f19e4e,0,2,0,1,0,0,0,1,0,0,4
3,7ffda9f19a31,7ffda9f1a2c0,0,1,0,0,0,0,0,1,0,0,2
2,7ffda9f19e70,7ffda9f19e53,0,1,0,0,0,0,0,1,0,0,2
2,7ffda9f19633,0,0,2402,0,0,0,0,0,3,0,0,6
3,7ffda9f19a49,0,0,1,0,0,0,0,0,1,0,0,2
2,7ffda9f19649,7ffda9f196eb,0,5618,0,436,0,0,0,1,0,0,874
2,7ffda9f19e08,7ffda9f19d1a,0,2,0,0,0,0,0,1,0,0,2
2,7ffda9f19e4a,0,0,1,0,0,0,0,0,1,0,0,2
1,7ffda9f19e4c,7ffda9f19e01,0,1,0,0,0,0,0,0,0,0,0
2,7ffda9f19603,0,0,2402,0,0,0,0,0,1,0,0,2
2,7ffda9f19607,0,0,2402,0,0,0,0,0,0,0,0,0
2,7ffda9f19e18,0,0,2,0,0,0,0,0,0,0,0,0
2,7ffda9f19e5a,7ffda9f19e80,0,2,0,0,0,0,0,1,0,0,2
5,7ffda9cb0617,7ffda9efc810,0,3,0,0,0,0,0,1,0,0,2
3,7ffda9cb05f9,7ffda9cea460,0,3,0,0,0,0,0,1,0,0,2
3,7ffda9cb05bf,7ffda9cb54b0,0,3,0,0,0,0,0,1,0,0,2
3,7ffda9cb05b4,7ffda9cb4750,0,3,0,0,0,0,0,1,0,0,2
3,7ffda9cb05ca,7ffda9cb3100,0,3,0,0,0,0,0,1,0,0,2
3,7ffda9cb05d4,7ffda9b012a0,0,3,0,0,0,0,0,1,0,0,2
3,7ffda9cb0597,7ffda9d04d70,0,3,0,0,0,0,0,1,0,0,2
2,7ffda9cb057b,7ffda9cb0594,0,3,0,0,0,0,0,1,0,0,2
3,7ffda9cb0573,7ffda9b28a20,0,3,0,0,0,0,0,1,0,0,2
2,7ffda9cb0552,0,0,3,0,0,0,0,0,0,0,0,0
2,7ffda9f18c9e,7ffda9f18ce7,0,1,0,0,0,0,0,1,0,0,2
2,7ffda9f18c78,0,0,1,0,0,0,0,0,0,0,0,0
2,7ffda9f18c36,7ffda9f18c6a,0,1,0,0,0,0,0,1,0,0,2
2,7ffda9f18c04,7ffda9f18c2f,0,1,0,0,0,0,0,1,0,0,2
2,7ffda9f18bb3,7ffda9f18bf9,0,1,0,0,0,0,0,1,0,0,2
7,7ffda9cb1fc0,7ffda9cb312b,0,3,0,0,0,0,0,0,0,0,0
3,7ffda9cb073a,7ffda9b28a20,0,3,0,0,0,0,0,1,0,0,2
3,7ffda9cb0735,7ffda9cb42c0,0,3,0,0,0,0,0,1,0,0,2
2,7ffda9cb0742,7ffda9cb0540,0,3,0,0,0,0,0,1,0,0,2
3,7ffda9cb0706,7ffda9cb59d0,0,3,0,0,0,0,0,1,0,0,2
3,7ffda9cb071e,7ffda9d04d70,0,3,0,0,0,0,0,1,0,0,2
3,7ffda9cb0716,7ffda9cb3510,0,3,0,0,0,0,0,1,0,0,2
7,7ffda9f196ea,7ffda9f1a033,0,2402,0,0,0,0,0,0,0,0,0
3,7ffda9cb06fb,7ffda9cb5890,0,3,0,0,0,0,0,1,0,0,2
7,7ffdac5b9afe,7ffdac66bdc6,0,308,0,0,0,0,0,0,0,0,0
3,7ffda9cb068c,7ffda9b019b0,0,3,0,0,0,0,0,1,0,0,2
2,7ffda9cb0694,7ffda9cb06f0,0,3,0,0,0,0,0,1,0,0,2
2,7ffda9cb0625,7ffda9cb0676,0,3,0,2,0,0,0,1,0,0,6
2,7ffda9cb067d,7ffda9cb0687,0,3,0,0,0,0,0,1,0,0,2
2,7ffda9cb0604,7ffda9cb060e,0,3,0,0,0,0,0,1,0,0,2
7,7ffda9dae0ca,7ffda9f1da03,0,2,0,0,0,0,0,0,0,0,0
7,7ffda9dae2fc,7ffda9f1a605,0,1,0,0,0,0,0,0,0,0,0
7,7ffda9ea6e37,7ffda9e7cbbc,0,608,0,0,0,0,0,0,0,0,0
2,7ffda9dae182,7ffda9dae251,0,1,0,0,0,0,0,1,0,0,2
3,7ffda9dae0ab,7ffda99e4410,0,2,0,0,0,0,0,1,0,0,2
2,7ffda9dae0ee,0,0,1,0,0,0,0,0,0,0,0,0
2,7ffda9dae0f4,7ffda9dae17f,0,1,0,0,0,0,0,1,0,0,2
2,7ffda9dae0db,0,0,1,0,0,0,0,0,0,0,0,0
2,7ffda9dae092,0,0,2,0,0,0,0,0,0,0,0,0
1,7ffda9dae013,7ffda9dae08c,0,2,0,0,0,0,0,1,0,0,2
3,7ffda9dae2eb,0,0,1,0,0,0,0,0,1,0,0,2
2,7ffda9dae2d2,0,0,1,0,0,0,0,0,0,0,0,0
1,7ffda9dae253,7ffda9dae2cc,0,1,0,0,0,0,0,1,0,0,2
2,7ffda9dadda8,7ffda9dade52,0,9362,0,96,0,0,0,1,0,0,194
2,7ffda9dadde6,0,0,9,0,0,0,0,0,1,0,0,2
2,7ffda9daddbf,7ffda9dadde0,0,9362,0,6,0,0,0,1,0,0,14
3,7ffda9daddc7,7ffda9b16420,0,9354,0,0,0,0,0,1,0,0,2
2,7ffda9daddd1,7ffda9dadd60,0,9354,0,13,0,0,0,1,0,0,28
1,7ffda9daddd3,7ffda9dadd89,0,3525,0,0,0,0,0,1,0,0,2
2,7ffda9dadd68,7ffda9dade35,0,5836,0,3,0,0,0,1,0,0,8
2,7ffda9dadd38,7ffda9dade52,0,5837,0,307,0,0,0,1,0,0,616
1,7ffda9dadd4d,7ffda9daddae,0,2542,0,0,0,0,0,1,0,0,2
7,7ffda9f04858,7ffda9e9fd7f,0,4,0,0,0,0,0,0,0,0,0
2,7ffda9dadf52,7ffda9dae011,0,2,0,0,0,0,0,1,0,0,2
2,7ffda9dadeca,7ffda9dadf4f,0,2,0,1,0,0,0,1,0,0,4
2,7ffda9dade81,7ffda9dadeb6,0,2,0,1,0,0,0,1,0,0,4
2,7ffda9dadec4,0,0,2,0,0,0,0,0,0,0,0,0
7,7ffda9f04a9b,7ffdac49f76f,0,2,0,0,0,0,0,0,0,0,0
2,7ffda9dade2d,7ffda9dadd4f,0,8,0,2,0,0,0,1,0,0,6
2,7ffda9dade6e,0,0,2,0,0,0,0,0,2,0,0,4
1,7ffda9dade33,7ffda9daddc1,0,1,0,0,0,0,0,0,0,0,0
1,7ffda9dade4d,7ffda9dadd6e,0,3,0,0,0,0,0,1,0,0,2
7,7ffda9d04e03,7ffda9cb059c,0,6,0,0,0,0,0,0,0,0,0
3,7ffda9dade45,7ffda9b16d70,0,3,0,0,0,0,0,1,0,0,2
2,7ffda9dade06,7ffda9dadd89,0,40,0,0,0,0,0,2,0,0,4
2,7ffda9dade18,7ffda9dade00,0,39,0,11,0,0,0,1,0,0,24
2,7ffda9dade1d,7ffda9dade2a,0,8,0,2,0,0,0,1,0,0,6
7,7ffda9ca4a17,7ffda9efc8ae,0,3,0,0,0,0,0,0,0,0,0
2,7ffda9d04dba,0,0,6,0,0,0,0,0,0,0,0,0
1,7ffda9d04dbf,7ffda9d04df5,0,6,0,0,0,0,0,1,0,0,2
1,7ffda9ca49f3,0,0,1,0,0,0,0,0,1,0,0,2
2,7ffda9d04d99,0,0,6,0,0,0,0,0,0,0,0,0
2,7ffda9d04d74,7ffda9d04d80,0,6,0,3,0,0,0,1,0,0,8
2,7ffda9f04a6c,7ffda9f04a9b,0,2,0,0,0,0,0,1,0,0,2
7,7ffda9dade5b,7ffda9f1a6da,0,5837,0,0,0,0,0,0,0,0,0
7,7ffda9f02913,7ffdac49fb82,0,3,0,0,0,0,0,0,0,0,0
7,7ffda9f020b9,7ffda9ef57ab,0,4,0,0,0,0,0,0,0,0,0
7,7ffda9f023e2,7ffda9e9fd5e,0,4,0,0,0,0,0,0,0,0,0
7,7ffda9caafde,7ffda9ce1302,0,1,0,0,0,0,0,0,0,0,0
7,7ffda9f02392,7ffda9e9fd9e,0,4,0,0,0,0,0,0,0,0,0
2,7ffda9da328e,0,0,1,0,0,0,0,0,1,0,0,2
2,7ffda9da3295,0,0,1,0,0,0,0,0,1,0,0,2
1,7ffda9f029cf,7ffda9f0290a,0,3,0,0,0,0,0,1,0,0,2
2,7ffda9f0295a,7ffda9f029cc,0,3,0,0,0,0,0,1,0,0,2
2,7ffda9f020a9,0,0,4,0,0,0,0,0,0,0,0,0
2,7ffda9f028cc,0,0,3,0,0,0,0,0,0,0,0,0
2,7ffda9f028c2,0,0,3,0,0,0,0,0,0,0,0,0
2,7ffda9f028c7,0,0,3,0,0,0,0,0,0,0,0,0
2,7ffda9f028db,7ffda9f02957,0,3,0,0,0,0,0,1,0,0,2
2,7ffda9f028d1,0,0,3,0,0,0,0,0,0,0,0,0
2,7ffda9f028d6,0,0,3,0,0,0,0,0,0,0,0,0
2,7ffda9f0284b,0,0,3,0,0,0,0,0,0,0,0,0
2,7ffda9f0204d,7ffda9f0209b,0,4,0,0,0,0,0,1,0,0,2
2,7ffda9f02855,7ffda9f0288d,0,3,0,0,0,0,0,1,0,0,2
2,7ffda9f023ac,0,0,4,0,0,0,0,0,0,0,0,0
1,7ffda9f023b9,7ffda9f023ca,0,4,0,0,0,0,0,1,0,0,2
2,7ffda9f023c8,7ffda9f023dd,0,21,0,5,0,0,0,1,0,0,12
1,7ffda9f0238b,7ffda9f02370,0,14,0,0,0,0,0,1,0,0,2
2,7ffda9f023ce,7ffda9f023c0,0,21,0,3,0,0,0,1,0,0,8
3,7ffda9f02386,7ffda9f75450,0,14,0,0,0,0,0,1,0,0,2
2,7ffda9caafdb,0,0,1,0,0,0,0,0,1,0,0,2
1,7ffda9f023db,7ffda9f023c0,0,15,0,0,0,0,0,1,0,0,2
3,7ffda9f023d6,7ffda9f753e0,0,15,0,0,0,0,0,1,0,0,2
1,7ffda9f02369,7ffda9f0237a,0,4,0,0,0,0,0,1,0,0,2
2,7ffda9f02378,7ffda9f0238d,0,20,0,2,0,0,0,1,0,0,6
2,7ffda9f0237e,7ffda9f02370,0,20,0,3,0,0,0,2,0,0,10
2,7ffda9f0235c,0,0,4,0,0,0,0,0,1,0,0,2
7,7ffff740b4fd,7ffff74ccbb8,0,47,0,0,0,0,0,0,0,0,0
7,7ffda9da32d3,7ffdac49f295,0,1,0,0,0,0,0,0,0,0,0
2,7ffda9f01dee,0,0,15,0,0,0,0,0,3,0,0,6
7,7ffdac4a01a1,7ffdac49f9b9,0,5,0,0,0,0,0,0,0,0,0
2,7ffda9f01df8,7ffda9f01e82,0,14,0,2,0,0,0,1,0,0,6
2,7ffda9f01dbc,7ffda9f01ec8,0,21,0,8,0,0,0,1,0,0,18
2,7ffda9f01dd9,7ffda9f01de6,0,15,0,0,0,0,0,1,0,0,2
2,7ffda9f01ce1,7ffda9f01d92,0,21,0,1,0,0,0,1,0,0,4
2,7ffda9f01cfe,0,0,1,0,0,0,0,0,1,0,0,2
2,7ffda9f01c89,7ffda9f01cc9,0,21,0,0,0,0,0,1,0,0,2
2,7ffda9f01cd8,0,0,21,0,0,0,0,0,0,0,0,0
1,7ffda9f01c2a,7ffda9f01c4b,0,1,0,0,0,0,0,1,0,0,2
2,7ffda9f01c21,0,0,1,0,0,0,0,0,0,0,0,0
3,7ffda9f01c79,0,0,1,0,0,0,0,0,1,0,0,2
2,7ffda9f01c10,0,0,1,0,0,0,0,0,0,0,0,0
2,7ffda9f01c52,0,0,1,0,0,0,0,0,0,0,0,0
2,7ffda9f01c57,0,0,1,0,0,0,0,0,1,0,0,2
2,7ffda9f01fe9,7ffda9f0204b,0,4,0,1,0,0,0,1,0,0,4
1,7ffda9f01faa,7ffda9f01fc5,0,4,0,0,0,0,0,1,0,0,2
2,7ffda9f01fa1,0,0,4,0,0,0,0,0,0,0,0,0
2,7ffda9f01be4,0,0,21,0,0,0,0,0,2,0,0,4
2,7ffda9f01bba,7ffda9f01b6d,0,16,0,2,0,0,0,1,0,0,6
1,7ffda9f01bfe,7ffda9f01c02,0,1,0,0,0,0,0,1,0,0,2
2,7ffda9f01bf1,7ffda9f01c83,0,21,0,1,0,0,0,1,0,0,4
7,7ffdac6803b7,7ffda9f76916,0,309,0,0,0,0,0,0,0,0,0
2,7ffda9f01fcc,0,0,4,0,0,0,0,0,0,0,0,0
2,7ffda9f01b87,7ffda9f01b6d,0,20,0,3,0,0,0,1,0,0,8
2,7ffda9f01f91,0,0,4,0,0,0,0,0,0,0,0,0
2,7ffda9f01b95,0,0,16,0,0,0,0,0,0,0,0,0
2,7ffda9f01b6b,7ffda9f01b84,0,21,0,2,0,0,0,1,0,0,6
2,7ffda9f01f6a,0,0,4,0,0,0,0,0,0,0,0,0
2,7ffda9f01b2a,7ffda9f01b5d,0,21,0,8,0,0,0,1,0,0,18
2,7ffda9f01f6f,0,0,4,0,0,0,0,0,0,0,0,0
1,7ffda9f01f79,7ffda9f01f80,0,4,0,0,0,0,0,1,0,0,2
2,7ffda9f01b78,7ffda9f01bcd,0,21,0,0,0,0,0,1,0,0,2
2,7ffda9f01b33,7ffda9f01b5d,0,11,0,0,0,0,0,1,0,0,2
2,7ffda9f01f34,7ffda9f01f50,0,4,0,1,0,0,0,1,0,0,4
2,7ffda9f01eaf,7ffda9f01ec8,0,15,0,3,0,0,0,1,0,0,8
2,7ffda9f01ea1,7ffda9f01ea7,0,14,0,4,0,0,0,1,0,0,10
2,7ffda9f01ebe,7ffda9f01ec8,0,11,0,1,0,0,0,1,0,0,4
2,7ffda9f01e8d,0,0,14,0,0,0,0,0,0,0,0,0
2,7ffda9f01ed6,0,0,21,0,0,0,0,0,0,0,0,0
2,7ffda9f01e09,0,0,10,0,0,0,0,0,0,0,0,0
2,7ffda9f01e1f,7ffda9f01e82,0,10,0,1,0,0,0,1,0,0,4
1,7ffdac4a01a5,7ffdac4a0190,0,1,0,0,0,0,0,1,0,0,2
2,7ffdac4a00a4,0,0,1,0,0,0,0,0,0,0,0,0
2,7ffdac4a00bf,0,0,1,0,0,0,0,0,0,0,0,0
2,7ffdac4a00c6,7ffdac4a00d0,0,1,0,0,0,0,0,1,0,0,2
2,7ffdac4a00dc,7ffdac4a01a2,0,1,0,0,0,0,0,1,0,0,2
2,7ffdac4a0099,0,0,1,0,0,0,0,0,0,0,0,0
2,7ffdac4a00d2,0,0,1,0,0,0,0,0,0,0,0,0
2,7ffdac4a006c,0,0,1,0,0,0,0,0,0,0,0,0
3,7ffdac4a0028,7ffda9f04a60,0,1,0,0,0,0,0,1,0,0,2
2,7ffdac4a0062,0,0,1,0,0,0,0,0,0,0,0,0
2,7ffdac4a0075,0,0,1,0,0,0,0,0,0,0,0,0
1,7ffdac4a0045,7ffdac4a0054,0,1,0,0,0,0,0,1,0,0,2
2,7ffdac4a0002,0,0,1,0,0,0,0,0,0,0,0,0
2,7ffdac4a0016,0,0,1,0,0,0,0,0,0,0,0,0
2,7ffdac4a0057,0,0,1,0,0,0,0,0,0,0,0,0
7,7ffda9f01ee6,7ffdac49fb22,0,21,0,0,0,0,0,0,0,0,0
7,7ffff7954bdc,7ffda9ce93a8,0,2,0,0,0,0,0,0,0,0,0
2,7ffff7954bb4,7ffff7954bd4,0,2,0,0,0,0,0,1,0,0,2
1,7ffff7954bf2,7ffff7954b9e,0,2,0,0,0,0,0,1,0,0,2
2,7ffff7954ba5,0,0,2,0,0,0,0,0,0,0,0,0
2,7ffff7954bab,0,0,2,0,0,0,0,0,0,0,0,0
2,7ffff7954b9c,7ffff7954be0,0,2,0,1,0,0,0,1,0,0,4
2,7ffff7954b8a,0,0,2,0,0,0,0,0,0,0,0,0
2,7ffff79533fd,0,0,2,0,0,0,0,0,0,0,0,0
2,7ffff7953417,0,0,2,0,0,0,0,0,0,0,0,0
2,7ffff795341f,0,0,2,0,0,0,0,0,0,0,0,0
2,7ffff7953407,0,0,2,0,0,0,0,0,0,0,0,0
1,7ffda9afaba3,7ffda99e4a20,0,18,0,0,0,0,0,1,0,0,2
1,7ffda9afab90,7ffda99e4a10,0,47,0,0,0,0,0,1,0,0,2
7,7ffff7953430,7ffda9ce934d,0,2,0,0,0,0,0,0,0,0,0
7,7ffda9aeedd3,7ffda9ba9c97,0,616,0,0,0,0,0,0,0,0,0
2,7ffda9aeedca,0,0,616,0,0,0,0,0,0,0,0,0
2,7ffda9aeedc4,0,0,616,0,0,0,0,0,1,0,0,2
4,7ffda99e4ca0,7ffff79533e0,0,2,0,0,0,0,0,1,0,0,2
4,7ffda99e44e0,7ffff73a0b70,0,19,0,0,0,0,0,1,0,0,2
4,7ffda99e4480,7ffff74ccb10,0,8157,0,0,0,0,0,1,0,0,2
4,7ffda99e4490,7ffff73a06f0,0,2049,0,0,0,0,0,1,0,0,2
4,7ffda99e4c90,7ffff7954b60,0,2,0,0,0,0,0,1,0,0,2
4,7ffda99e4420,7ffff74cad60,0,1554,0,0,0,0,0,1,0,0,2
4,7ffda99e4470,7ffff72af0e0,0,64,0,0,0,0,0,1,0,0,2
4,7ffda99e4410,7ffff73a06f0,0,6802,0,0,0,0,0,1,0,0,2
4,7ffda99e4450,7ffff72afe80,0,43,0,0,0,0,0,1,0,0,2
4,7ffda99e43f0,7ffff72af6d0,0,58,0,0,0,0,0,1,0,0,2
4,7ffda99e47d0,7ffff7dc2db0,0,12,0,0,0,0,0,1,0,0,2
7,7ffda9accb3e,7ffda9f1a49a,0,766,0,0,0,0,0,0,0,0,0
4,7ffda99e4a20,7ffff74ccc60,0,18,0,0,0,0,0,1,0,0,2
4,7ffda99e4a10,7ffff74ccba0,0,47,0,0,0,0,0,1,0,0,2
3,7ffda9accb6d,7ffda9b16d70,0,3,0,0,0,0,0,1,0,0,2
1,7ffda9accb76,7ffda9accb0c,0,3,0,0,0,0,0,1,0,0,2
2,7ffda9accb0a,7ffda9accb5d,0,29,0,5,0,0,0,1,0,0,12
3,7ffda9accafa,7ffda9afab90,0,29,0,0,0,0,0,1,0,0,2
1,7ffda9acca85,7ffda9accb2d,0,737,0,0,0,0,0,1,0,0,2
2,7ffda9acca98,7ffda9accad7,0,29,0,0,0,0,0,1,0,0,2
2,7ffda9acca72,7ffda9acca8a,0,766,0,28,0,0,0,1,0,0,58
2,7ffda9acca77,0,0,737,0,0,0,0,0,0,0,0,0
7,7ffda9b164eb,7ffda9daddcc,0,16053,0,0,0,0,0,0,0,0,0
7,7ffda9b16812,7ffda9f1da1e,0,8,0,0,0,0,0,0,0,0,0
7,7ffda9b1674a,7ffda9f1a61c,0,4,0,0,0,0,0,0,0,0,0
7,7ffda9b16e9e,7ffda9dade4a,0,88,0,0,0,0,0,0,0,0,0
7,7ffda9b16625,7ffda9b164b0,0,19,0,0,0,0,0,0,0,0,0
2,7ffda9b16df8,7ffda9b16e89,0,43,0,0,0,0,0,1,0,0,2
2,7ffda9b165fa,7ffda9b16608,0,19,0,3,0,0,0,1,0,0,8
2,7ffda9b165bd,7ffda9b16580,0,13560,0,2423,0,0,0,1,0,0,4848
3,7ffda9b165ff,7ffda99e43f0,0,16,0,0,0,0,0,1,0,0,2
2,7ffda9b165f2,7ffda9b16583,0,3585,0,1212,0,0,0,1,0,0,2426
1,7ffda9b165f4,7ffda9b165c8,0,1193,0,0,0,0,0,1,0,0,2
3,7ffda9b16dc9,7ffda99e4450,0,43,0,0,0,0,0,1,0,0,2
2,7ffda9b165cb,0,0,3585,0,0,0,0,0,0,0,0,0
2,7ffda9b16d82,0,0,88,0,0,0,0,0,0,0,0,0
2,7ffda9b16dc4,7ffda9b16e18,0,88,0,35,0,0,0,1,0,0,72
2,7ffda9b1659d,7ffda9b1658d,0,18072,0,4565,0,0,0,1,0,0,9132
2,7ffda9b16d91,0,0,88,0,0,0,0,0,0,0,0,0
2,7ffda9b16dd4,7ffda9b16df5,0,43,0,1,0,0,0,1,0,0,4
2,7ffda9b16594,7ffda9b165f6,0,18072,0,18,0,0,0,1,0,0,38
2,7ffda9b1652c,7ffda9b16549,0,19,0,3,0,0,0,1,0,0,8
2,7ffda9b16563,0,0,19,0,0,0,0,0,0,0,0,0
3,7ffda9b16524,7ffda99e4470,0,19,0,0,0,0,0,1,0,0,2
1,7ffda9b16572,7ffda9b16596,0,19,0,0,0,0,0,1,0,0,2
3,7ffda9b1655b,7ffda99e44e0,0,19,0,0,0,0,0,1,0,0,2
3,7ffda9b164ab,7ffda9b164f0,0,19,0,0,0,0,0,1,0,0,2
1,7ffda9b164e0,7ffda9b164ba,0,16625,0,0,0,0,0,1,0,0,2
2,7ffda9b164bd,7ffda9b164e2,0,26803,0,2782,0,0,0,1,0,0,5566
1,7ffda9b164b0,7ffda9b1644c,0,19,0,0,0,0,0,1,0,0,2
1,7ffda9b1648d,7ffda9b16493,0,12528,0,0,0,0,0,1,0,0,2
2,7ffda9b16481,0,0,12528,0,0,0,0,0,2,0,0,4
2,7ffda9b16487,0,0,12528,0,0,0,0,0,6,0,0,12
1,7ffda9b16498,7ffda9b164e4,0,12528,0,0,0,0,0,1,0,0,2
2,7ffda9b164de,7ffda9b16474,0,23278,0,6744,0,0,0,1,0,0,13490
2,7ffda9b1643d,7ffda9b1649a,0,16053,0,21,0,0,0,1,0,0,44
2,7ffda9b16470,7ffda9b164b2,0,16053,0,5482,0,0,0,2,0,0,10968
2,7ffda9b1644a,0,0,16034,0,0,0,0,0,3,0,0,6
3,7ffda9b167ef,7ffda99e4490,0,4,0,0,0,0,0,1,0,0,2
2,7ffda9b167c9,7ffda9b167d5,0,8,0,0,0,0,0,1,0,0,2
2,7ffda9b167df,7ffda9b167f4,0,8,0,3,0,0,0,1,0,0,8
3,7ffda9b1672c,7ffda99e4490,0,2,0,0,0,0,0,1,0,0,2
2,7ffda9b1671e,7ffda9b16734,0,4,0,1,0,0,0,1,0,0,4
2,7ffda9b16717,7ffda9b1671c,0,4,0,0,0,0,0,1,0,0,2
2,7ffda9b166c8,7ffda9b166ff,0,4,0,0,0,0,0,1,0,0,2
4,7ffff72374d4,7ffff73a06f0,0,43,0,0,0,0,0,1,0,0,2
3,7ffda9b16e84,7ffda99e4410,0,45,0,0,0,0,0,1,0,0,2
2,7ffda9b16e26,7ffda9b16e43,0,45,0,1,0,0,0,1,0,0,4
2,7ffda9b16e46,7ffda9b16e77,0,45,0,0,0,0,0,1,0,0,2
3,7ffda9b16e1b,7ffda99e4470,0,45,0,0,0,0,0,1,0,0,2
1,7ffff72b0338,7ffff72af0e0,0,47,0,0,0,0,0,1,0,0,2
2,7ffff72b0278,7ffff72b0330,0,47,0,0,0,0,0,1,0,0,2
2,7ffff72b026e,0,0,47,0,0,0,0,0,0,0,0,0
3,7ffff72affb1,7ffff72addd0,0,43,0,0,0,0,0,1,0,0,2
2,7ffff72affbc,0,0,43,0,0,0,0,0,0,0,0,0
2,7ffff72affa2,0,0,43,0,0,0,0,0,0,0,0,0
2,7ffff72affe1,7ffff72aff82,0,43,0,0,0,0,0,1,0,0,2
2,7ffff72affc4,0,0,43,0,0,0,0,0,0,0,0,0
2,7ffff72affcf,7ffff72affde,0,43,0,1,0,0,0,1,0,0,4
2,7ffda9ba7128,0,0,616,0,0,0,0,0,0,0,0,0
2,7ffff72aff27,0,0,43,0,0,0,0,0,0,0,0,0
1,7ffff72af72b,7ffff72ab840,0,1630,0,0,0,0,0,1,0,0,2
2,7ffda9ba7174,7ffda9ba71b1,0,308,0,2,0,0,0,1,0,0,6
2,7ffff72af717,7ffff72af725,0,1630,0,0,0,0,0,1,0,0,2
2,7ffff72aff14,0,0,43,0,0,0,0,0,0,0,0,0
2,7ffff72aff1e,0,0,43,0,0,0,0,0,0,0,0,0
2,7ffda9ba7146,0,0,308,0,0,0,0,0,0,0,0,0
2,7ffff72aff05,0,0,43,0,0,0,0,0,1,0,0,2
3,7ffda9ba7111,7ffda9ba9ba0,0,616,0,0,0,0,0,1,0,0,2
2,7ffff72af708,0,0,1630,0,0,0,0,0,0,0,0,0
2,7ffff72aff48,7ffff72aff98,0,43,0,0,0,0,0,1,0,0,2
1,7ffda9ba7116,7ffda9ba711a,0,616,0,0,0,0,0,1,0,0,2
2,7ffff72afef6,0,0,43,0,0,0,0,0,1,0,0,2
2,7ffda9ba70e8,0,0,616,0,0,0,0,0,0,0,0,0
2,7ffda9ba70ee,0,0,616,0,0,0,0,0,0,0,0,0
2,7ffff72af6fa,0,0,1630,0,0,0,0,0,0,0,0,0
2,7ffda9ba70a6,0,0,617,0,0,0,0,0,0,0,0,0
2,7ffff72af6e5,0,0,1630,0,0,0,0,0,1,0,0,2
2,7ffff72afea5,0,0,43,0,0,0,0,0,0,0,0,0
2,7ffff72af6ee,0,0,1630,0,0,0,0,0,1,0,0,2
2,7ffff72afeae,7ffff72afed0,0,43,0,0,0,0,0,1,0,0,2
2,7ffda9ba70f7,0,0,616,0,0,0,0,0,1,0,0,2
2,7ffff72afee8,0,0,43,0,0,0,0,0,0,0,0,0
2,7ffff72afed3,0,0,43,0,0,0,0,0,0,0,0,0
1,7ffff72af213,7ffff72af186,0,3565,0,0,0,0,0,1,0,0,2
2,7ffff72af1ea,7ffff72af135,0,8194,0,286,0,0,0,1,0,0,574
1,7ffff72af19c,7ffff72af113,0,6735,0,0,0,0,0,1,0,0,2
2,7ffff72af13f,0,0,4703,0,0,0,0,0,5,0,0,10
2,7ffff72af166,0,0,4704,0,0,0,0,0,2,0,0,4
2,7ffff72af122,0,0,8268,0,0,0,0,0,6,0,0,12
2,7ffff72af12f,7ffff72af1e0,0,8268,0,22,0,0,0,1,0,0,46
2,7ffff72af16a,7ffff72af186,0,4704,0,1,0,0,0,1,0,0,4
2,7ffff72af111,7ffff72af190,0,8268,0,12,0,0,0,1,0,0,26
2,7ffdab087f07,7ffdab087f1e,0,14,0,1,0,0,0,1,0,0,4
2,7ffff72af15a,0,0,4704,0,0,0,0,0,2,0,0,4
2,7ffdab087f19,7ffdab087f00,0,7,0,0,0,0,0,1,0,0,2
2,7ffff72af101,0,0,8268,0,0,0,0,0,0,0,0,0
3,7ffff72af14f,7ffff72aca70,0,4703,0,0,0,0,0,1,0,0,2
2,7ffff72af0f8,0,0,8268,0,0,0,0,0,3,0,0,6
2,7ffdab087eda,0,0,7,0,0,0,0,0,0,0,0,0
7,7ffda9ba71b1,7ffdac66bde8,0,308,0,0,0,0,0,0,0,0,0
7,7ffff72aff93,7ffda9b16dce,0,43,0,0,0,0,0,0,0,0,0
7,7ffda9ba712e,7ffdac66bcaf,0,616,0,0,0,0,0,0,0,0,0
7,7ffda9ba70c4,7ffdac49f345,0,617,0,0,0,0,0,0,0,0,0
7,7ffff72af18d,7ffda9b16529,0,8269,0,0,0,0,0,0,0,0,0
7,7ffdab087f22,7ffdac49feed,0,7,0,0,0,0,0,0,0,0,0
7,7ffda9a845a8,7ffda9ba9bd0,0,616,0,0,0,0,0,0,0,0,0
2,7ffff72ad7fd,7ffff72ad8cf,0,63,0,8,0,0,0,1,0,0,18
1,7ffff72ad7bb,7ffff72ad7c1,0,63,0,0,0,0,0,1,0,0,2
3,7ffff72ad7ed,7ffff72aa8a0,0,63,0,0,0,0,0,1,0,0,2
2,7ffff72ad7d5,7ffff72ad7e3,0,63,0,20,0,0,0,1,0,0,42
3,7ffff72adf80,7ffff72ab840,0,43,0,0,0,0,0,1,0,0,2
2,7ffff72ad7cf,7ffff72ad7bd,0,111,0,36,0,0,0,1,0,0,74
1,7ffff72adf8a,7ffff72adec6,0,43,0,0,0,0,0,1,0,0,2
3,7ffff72adf70,7ffff72374d0,0,43,0,0,0,0,0,1,0,0,2
1,7ffff72ad77e,7ffff72ace12,0,1203,0,0,0,0,0,1,0,0,2
2,7ffff72ad364,7ffff72acfb3,0,1663,0,5,0,0,0,1,0,0,12
2,7ffff72ad36f,7ffff72acfb3,0,1658,0,0,0,0,0,1,0,0,2
2,7ffff72adf2e,7ffff72ade52,0,1,0,0,0,0,0,1,0,0,2
1,7ffff72ad32d,7ffff72acc70,0,10,0,0,0,0,0,1,0,0,2
1,7ffff72ad317,7ffff72ad073,0,1203,0,0,0,0,0,1,0,0,2
2,7ffda9b2510a,0,0,616,0,0,0,0,0,1,0,0,2
1,7ffda9b2511d,7ffda9a84340,0,616,0,0,0,0,0,1,0,0,2
1,7ffff72ad348,7ffff72acfe7,0,39,0,0,0,0,0,1,0,0,2
2,7ffff72ad2b6,7ffff72ad2a8,0,9865,0,18,0,0,0,1,0,0,38
2,7ffff72ad2bf,7ffff72ad5c6,0,3073,0,12,0,0,0,1,0,0,26
2,7ffff72ad2ae,0,0,6792,0,0,0,0,0,3,0,0,6
2,7ffda9b250f0,0,0,616,0,0,0,0,0,0,0,0,0
2,7ffff72ad6d6,7ffff72ad67e,0,1392,0,0,0,0,0,1,0,0,2
2,7ffff72ad292,0,0,3073,0,0,0,0,0,0,0,0,0
2,7ffff72ad29a,7ffff72ad2b4,0,3073,0,2,0,0,0,1,0,0,6
1,7ffff72ad2da,7ffff72ad290,0,7,0,0,0,0,0,1,0,0,2
2,7ffff72ad68a,7ffff72ace12,0,3066,0,3,0,0,0,1,0,0,8
2,7ffff72ad232,7ffff72acf33,0,15542,0,70,0,0,0,1,0,0,142
2,7ffff72ade31,0,0,43,0,0,0,0,0,0,0,0,0
2,7ffff72ad23f,7ffff72ad264,0,3129,0,10,0,0,0,1,0,0,22
2,7ffff72ade3a,0,0,43,0,0,0,0,0,0,0,0,0
2,7ffff72ad639,7ffff72ad63f,0,1674,0,3,0,0,0,1,0,0,8
2,7ffff72ade27,0,0,43,0,0,0,0,0,0,0,0,0
7,7ffff72ace26,7ffff72af154,0,4747,0,0,0,0,0,0,0,0,0
2,7ffff72ade65,0,0,43,0,0,0,0,0,0,0,0,0
2,7ffff72ade6e,7ffff72adf60,0,43,0,1,0,0,0,1,0,0,4
2,7ffff72ad229,0,0,15542,0,0,0,0,0,4,0,0,8
2,7ffff72ad612,0,0,1674,0,0,0,0,0,1,0,0,2
2,7ffff72ad25e,7ffff72ad7b2,0,77,0,9,0,0,0,1,0,0,20
3,7ffff72ade5a,7ffff72aca70,0,43,0,0,0,0,0,1,0,0,2
1,7ffff72ad218,7ffff72acfe7,0,73,0,0,0,0,0,1,0,0,2
2,7ffff72ad258,0,0,77,0,0,0,0,0,0,0,0,0
2,7ffff72ad646,7ffff72ad650,0,1674,0,4,0,0,0,2,0,0,12
2,7ffff72ade40,0,0,43,0,0,0,0,0,0,0,0,0
2,7ffff72ad600,7ffff72ad6c6,0,3066,0,6,0,0,0,1,0,0,14
2,7ffff72ade0c,0,0,43,0,0,0,0,0,0,0,0,0
2,7ffff72ade4c,7ffff72adf28,0,43,0,1,0,0,0,1,0,0,4
2,7ffff72ad1f3,0,0,5297,0,0,0,0,0,0,0,0,0
2,7ffff72addff,0,0,43,0,0,0,0,0,0,0,0,0
2,7ffff72ad1fe,7ffff72ad548,0,5297,0,79,0,0,0,1,0,0,160
3,7ffff72ad5ee,7ffff72aa8a0,0,3066,0,0,0,0,0,1,0,0,2
2,7ffff72ad5ab,7ffff72acfe7,0,5224,0,0,0,0,0,1,0,0,2
2,7ffff72adde9,0,0,43,0,0,0,0,0,0,0,0,0
2,7ffff72ad5d6,0,0,3066,0,0,0,0,0,0,0,0,0
2,7ffff72ad19e,7ffff72ad1c0,0,34,0,13,0,0,0,1,0,0,28
2,7ffff72ad1d8,7ffff72ad338,0,5336,0,47,0,0,0,1,0,0,96
1,7ffff72ad5c4,7ffff72ad5a2,0,5079,0,0,0,0,0,1,0,0,2
2,7ffff72ad58d,0,0,145,0,0,0,0,0,0,0,0,0
2,7ffff72ad18c,7ffff72ad1c0,0,117,0,32,0,0,0,1,0,0,66
2,7ffff72ad577,7ffff72ad5c0,0,5224,0,108,0,0,0,0,0,0,216
2,7ffff72ad575,7ffff72ad560,0,12393,0,742,0,0,0,1,0,0,1486
2,7ffff72ad133,7ffff72ad14c,0,1207,0,2,0,0,0,1,0,0,6
2,7ffff72ad17a,7ffff72ad1c0,0,252,0,95,0,0,0,1,0,0,192
2,7ffff72ad122,7ffff72ad129,0,1207,0,1,0,0,0,1,0,0,4
2,7ffff72ad56c,0,0,7169,0,0,0,0,0,2,0,0,4
2,7ffff72ad168,7ffff72ad1c0,0,5336,0,217,0,0,0,1,0,0,436
1,7ffff72ad151,7ffff72ad0d4,0,4,0,0,0,0,0,1,0,0,2
2,7ffff72ad550,0,0,5224,0,0,0,0,0,1,0,0,2
1,7ffff72ad55b,7ffff72ad572,0,5224,0,0,0,0,0,1,0,0,2
2,7ffff72ad146,7ffff72ad2f0,0,1203,0,0,0,0,0,1,0,0,2
2,7ffff72ad8df,7ffff72ad86e,0,35,0,2,0,0,0,1,0,0,6
2,7ffff72ad0dc,7ffff72ace12,0,4,0,0,0,0,0,1,0,0,2
2,7ffff72ad836,7ffff72ad840,0,28,0,2,0,0,0,1,0,0,6
2,7ffff72ad076,7ffff72ad753,0,1203,0,1,0,0,0,1,0,0,4
2,7ffff72ad87a,7ffff72ace12,0,63,0,0,0,0,0,1,0,0,2
2,7ffff72ad023,7ffff72ad220,0,15542,0,2,0,0,0,1,0,0,6
2,7ffff72ad80f,0,0,28,0,0,0,0,0,0,0,0,0
2,7ffff72acfbe,7ffff72ad110,0,16748,0,6,0,0,0,5,0,0,22
2,7ffff72acbbe,7ffff72ace30,0,4743,0,19,0,0,0,1,0,0,40
2,7ffff72acfad,7ffff72ad360,0,1665,0,4,0,0,0,2,0,0,12
2,7ffff72acbaa,0,0,4743,0,0,0,0,0,1,0,0,2
2,7ffff72acfa8,7ffff72acfb3,0,16748,0,9,0,0,0,1,0,0,20
2,7ffff72acf92,0,0,16748,0,0,0,0,0,1,0,0,2
2,7ffff72acf9b,0,0,16748,0,0,0,0,0,1,0,0,2
1,7ffff72acb9b,7ffff72acb43,0,2125,0,0,0,0,0,1,0,0,2
2,7ffff72acfca,7ffff72ad158,0,15541,0,3376,0,0,0,1,0,0,6754
2,7ffff72acbca,7ffff72acdc0,0,105,0,12,0,0,0,1,0,0,26
2,7ffff72acf88,0,0,16748,0,0,0,0,0,4,0,0,8
2,7ffff72acf7a,0,0,16748,0,0,0,0,0,2,0,0,4
2,7ffff72acb66,7ffff72acb6d,0,2125,0,5,0,0,0,1,0,0,12
2,7ffff72acf61,0,0,16748,0,0,0,0,0,0,0,0,0
2,7ffff72acf6a,0,0,16748,0,0,0,0,0,7,0,0,14
2,7ffff72acb2a,0,0,338,0,0,0,0,0,0,0,0,0
2,7ffff72acb15,0,0,338,0,0,0,0,0,1,0,0,2
2,7ffff72acf53,0,0,16748,0,0,0,0,0,6,0,0,12
2,7ffff72acb53,7ffff72ace00,0,2127,0,2,0,0,0,1,0,0,6
2,7ffff72acf43,0,0,16748,0,0,0,0,0,1,0,0,2
2,7ffff72acb00,7ffff72acb07,0,338,0,0,0,0,0,1,0,0,2
2,7ffff72acb4a,7ffff72ace00,0,2463,0,16,0,0,0,1,0,0,34
2,7ffff72acebc,0,0,4335,0,0,0,0,0,0,0,0,0
2,7ffff72acae2,0,0,338,0,0,0,0,0,0,0,0,0
2,7ffff72acaa1,0,0,3,0,0,0,0,0,1,0,0,2
2,7ffff72acaaf,7ffff72acc90,0,3,0,0,0,0,0,1,0,0,2
2,7ffff72aceee,7ffff72ad238,0,4335,0,41,0,0,0,1,0,0,84
7,7ffff72aded7,7ffff72affb6,0,43,0,0,0,0,0,0,0,0,0
2,7ffff72acad4,7ffff72ace48,0,4593,0,3,0,0,0,1,0,0,8
2,7ffff72aca98,7ffff72acba0,0,4746,0,4,0,0,0,1,0,0,10
1,7ffda9a84486,7ffda9a8459e,0,616,0,0,0,0,0,1,0,0,2
2,7ffff72aca73,0,0,4746,0,0,0,0,0,1,0,0,2
1,7ffff72ace3c,7ffff72acca3,0,4638,0,0,0,0,0,1,0,0,2
2,7ffff72ace0c,0,0,411,0,0,0,0,0,0,0,0,0
2,7ffda9a843ed,0,0,616,0,0,0,0,0,0,0,0,0
2,7ffff72acd91,7ffff72acd30,0,69,0,0,0,0,0,1,0,0,2
2,7ffda9a8439b,7ffda9a843e5,0,616,0,2,0,0,0,1,0,0,6
2,7ffff72acd81,7ffff72ace00,0,140,0,1,0,0,0,1,0,0,4
1,7ffff72acdcd,7ffff72acac6,0,4593,0,0,0,0,0,1,0,0,2
2,7ffff72acd74,0,0,69,0,0,0,0,0,1,0,0,2
1,7ffff72acd21,7ffff72ace00,0,2,0,0,0,0,0,1,0,0,2
2,7ffff72acd1f,7ffff72acd7a,0,73,0,3,0,0,0,1,0,0,8
2,7ffff72acd03,0,0,73,0,0,0,0,0,0,0,0,0
2,7ffda9a84352,7ffda9a84393,0,616,0,3,0,0,0,1,0,0,8
2,7ffff72accae,7ffff72acdc0,0,4641,0,87,0,0,0,1,0,0,176
2,7ffff72accee,0,0,73,0,0,0,0,0,0,0,0,0
1,7ffda9b24eb3,7ffda9b250d0,0,616,0,0,0,0,0,1,0,0,2
2,7ffff72accd9,0,0,73,0,0,0,0,0,0,0,0,0
2,7ffff72accc5,0,0,73,0,0,0,0,0,0,0,0,0
1,7ffff72acc83,7ffff72ace9d,0,45,0,0,0,0,0,1,0,0,2
2,7ffff72acc75,7ffff72ace9d,0,80,0,21,0,0,0,1,0,0,44
3,7ffff72acc7e,7ffff72aa980,0,45,0,0,0,0,0,1,0,0,2
2,7ffff72acc65,7ffff72ad320,0,23,0,11,0,0,0,1,0,0,24
2,7ffff72acc50,7ffff72acc70,0,80,0,17,0,0,0,1,0,0,36
2,7ffff72acc5a,7ffff72acc70,0,67,0,20,0,0,0,1,0,0,42
2,7ffff72abffb,7ffff72ababc,0,8,0,0,0,0,0,1,0,0,2
1,7ffff72abbba,7ffff72aba97,0,48,0,0,0,0,0,1,0,0,2
1,7ffff72abfe0,7ffff72abc73,0,2,0,0,0,0,0,1,0,0,2
3,7ffff72abfdb,7ffff72aa980,0,2,0,0,0,0,0,1,0,0,2
1,7ffff72abb1a,7ffff72ab975,0,1366,0,0,0,0,0,1,0,0,2
2,7ffff72abab6,7ffff72abc68,0,71,0,9,0,0,0,1,0,0,20
2,7ffff72aba91,7ffff72abbb0,0,71,0,5,0,0,0,1,0,0,12
3,7ffff72abe86,7ffff72aa8a0,0,20,0,0,0,0,0,1,0,0,2
2,7ffff72abac2,7ffff72ab975,0,71,0,0,0,0,0,1,0,0,2
1,7ffff72abe8b,7ffff72aba64,0,20,0,0,0,0,0,1,0,0,2
2,7ffff72aba70,0,0,71,0,0,0,0,0,0,0,0,0
2,7ffff72aba23,7ffff72aba49,0,71,0,0,0,0,0,1,0,0,2
2,7ffff72aba17,0,0,71,0,0,0,0,0,0,0,0,0
2,7ffff72aba59,7ffff72abe80,0,71,0,20,0,0,0,1,0,0,42
2,7ffff72aba4d,0,0,71,0,0,0,0,0,0,0,0,0
2,7ffff72aba09,0,0,71,0,0,0,0,0,0,0,0,0
2,7ffff72ab9b6,7ffff72ab9c2,0,71,0,0,0,0,0,1,0,0,2
2,7ffff72ab9fc,0,0,71,0,0,0,0,0,0,0,0,0
2,7ffff72ab9a6,0,0,71,0,0,0,0,0,1,0,0,2
2,7ffff72ab9eb,0,0,71,0,0,0,0,0,0,0,0,0
2,7ffff72ab9d5,0,0,71,0,0,0,0,0,0,0,0,0
2,7ffff72ab9df,0,0,71,0,0,0,0,0,0,0,0,0
2,7ffff72ab983,0,0,1673,0,0,0,0,0,1,0,0,2
7,7ffff72aa9c9,7ffff72abfe0,0,47,0,0,0,0,0,0,0,0,0
2,7ffff72ab964,7ffff72ab975,0,121,0,0,0,0,0,1,0,0,2
2,7ffff72ab96f,0,0,1,0,0,0,0,0,0,0,0,0
2,7ffff72ab95e,7ffff72ab975,0,236,0,10,0,0,0,1,0,0,22
2,7ffff72ab91d,0,0,236,0,0,0,0,0,0,0,0,0
2,7ffff72ab943,0,0,236,0,0,0,0,0,0,0,0,0
2,7ffff72ab90f,0,0,236,0,0,0,0,0,0,0,0,0
7,7ffff72aa90e,7ffff72abe8b,0,3150,0,0,0,0,0,0,0,0,0
2,7ffff72ab94c,0,0,236,0,0,0,0,0,0,0,0,0
2,7ffff72ab8fe,0,0,236,0,0,0,0,0,1,0,0,2
2,7ffff72ab8bc,7ffff72ab8e5,0,1673,0,28,0,0,0,1,0,0,58
2,7ffff72ab8ec,7ffff72ab9a0,0,307,0,14,0,0,0,1,0,0,30
2,7ffff72ab8ab,0,0,1673,0,0,0,0,0,0,0,0,0
2,7ffff72ab894,0,0,1673,0,0,0,0,0,1,0,0,2
2,7ffff72ab8df,7ffff72abaf8,0,1625,0,48,0,0,0,1,0,0,98
2,7ffff72ab8c7,0,0,1625,0,0,0,0,0,0,0,0,0
2,7ffff72ab882,0,0,1673,0,0,0,0,0,1,0,0,2
2,7ffff72ab88c,0,0,1673,0,0,0,0,0,0,0,0,0
2,7ffff72ab875,0,0,1673,0,0,0,0,0,0,0,0,0
2,7ffff72abc7d,7ffff72abfe8,0,8,0,0,0,0,0,1,0,0,2
2,7ffff72abc6d,7ffff72abfd8,0,8,0,1,0,0,0,1,0,0,4
2,7ffff72aaa84,7ffff72aa9d0,0,94,0,1,0,0,0,1,0,0,4
3,7ffff72aaa77,7ffff72aa8a0,0,1,0,0,0,0,0,1,0,0,2
2,7ffff72aaa38,0,0,94,0,0,0,0,0,0,0,0,0
2,7ffff72aaa6e,0,0,1,0,0,0,0,0,1,0,0,2
2,7ffff72aaa1f,7ffff72aa9b0,0,94,0,9,0,0,0,1,0,0,20
2,7ffff72aaa58,7ffff72aaa80,0,94,0,5,0,0,0,1,0,0,12
2,7ffff72aa9f5,7ffff72aa9ff,0,94,0,0,0,0,0,1,0,0,2
2,7ffff72aa9b9,7ffff72aa9a5,0,470,0,10,0,0,0,1,0,0,22
2,7ffff72aa9ae,7ffff72aaa24,0,470,0,20,0,0,0,1,0,0,42
7,7ffff72ab997,7ffda9f1a723,0,1673,0,0,0,0,0,0,0,0,0
2,7ffff72aa9d6,0,0,94,0,0,0,0,0,0,0,0,0
2,7ffff72aa8f5,0,0,58,0,0,0,0,0,0,0,0,0
2,7ffff72aa8b3,0,0,3150,0,0,0,0,0,0,0,0,0
2,7ffff72aa8fc,0,0,58,0,0,0,0,0,0,0,0,0
2,7ffff72aa8e5,7ffff72aa90a,0,93,0,22,0,0,0,1,0,0,46
2,7ffff72aa8eb,0,0,58,0,0,0,0,0,0,0,0,0
2,7ffff72aa8dc,7ffff72aa90a,0,3150,0,13,0,0,0,1,0,0,28
2,7ffff72aa8c5,0,0,3150,0,0,0,0,0,0,0,0,0
2,7ffff72aa8cb,0,0,3150,0,0,0,0,0,1,0,0,2
2,7ffda9b019ea,7ffda9b01a07,0,3,0,0,0,0,0,1,0,0,2
3,7ffda9b019cd,7ffda99e47d0,0,3,0,0,0,0,0,1,0,0,2
7,7ffff73a0787,7ffda9f19cff,0,6429,0,0,0,0,0,0,0,0,0
7,7ffff73a0776,7ffda9f1d336,0,2360,0,0,0,0,0,0,0,0,0
7,7ffff73a0761,7ffda9b16e89,0,1,0,0,0,0,0,0,0,0,0
7,7ffff73a0b56,7ffda9b16560,0,13,0,0,0,0,0,0,0,0,0
7,7ffff73a071e,7ffda9f01c7e,0,43,0,0,0,0,0,0,0,0,0
7,7ffff73a0745,7ffda9e534cd,0,3,0,0,0,0,0,0,0,0,0
2,7ffda9ba9c99,7ffda9ba9ce0,0,616,0,1,0,0,0,1,0,0,4
3,7ffda9ba9c92,7ffda9aeedc0,0,616,0,0,0,0,0,1,0,0,2
2,7ffda9ba9c0f,0,0,616,0,0,0,0,0,0,0,0,0
2,7ffda9ba9c00,0,0,616,0,0,0,0,0,1,0,0,2
2,7ffda9ba9c06,0,0,616,0,0,0,0,0,0,0,0,0
1,7ffda9ba9c15,7ffda9ba9c77,0,616,0,0,0,0,0,1,0,0,2
2,7ffda9ba9bb3,0,0,616,0,0,0,0,0,0,0,0,0
7,7ffff73a09ab,7ffda9f1d7e5,0,13,0,0,0,0,0,0,0,0,0
3,7ffda9ba9bcb,7ffda9b24eb0,0,616,0,0,0,0,0,1,0,0,2
7,7ffff73a0904,7ffda9f1d7e5,0,14,0,0,0,0,0,0,0,0,0
3,7ffda9b012c5,7ffda99e47d0,0,3,0,0,0,0,0,1,0,0,2
2,7ffda9b012d5,7ffda9b012f2,0,3,0,1,0,0,0,1,0,0,4
7,7ffff73a0822,7ffda9f1d7e5,0,17,0,0,0,0,0,0,0,0,0
7,7ffff73a0c2d,7ffda9b16560,0,6,0,0,0,0,0,0,0,0,0
7,7ffda9b28a35,7ffda9cb0578,0,6,0,0,0,0,0,0,0,0,0
7,7ffff73a0850,7ffda9dae2f0,0,14,0,0,0,0,0,0,0,0,0
2,7ffff73a07ba,7ffff73a0851,0,58,0,25,0,0,0,1,0,0,52
2,7ffff73a0ba5,7ffff73a0b44,0,19,0,4,0,0,0,2,0,0,12
2,7ffff73a0bae,7ffff73a0bc9,0,6,0,0,0,0,0,1,0,0,2
2,7ffff73a07ad,7ffff73a071f,0,61,0,0,0,0,0,1,0,0,2
2,7ffff73a07c7,7ffff73a0823,0,31,0,14,0,0,0,1,0,0,30
2,7ffff73a0b84,0,0,19,0,0,0,0,0,1,0,0,2
2,7ffff73a0b8e,7ffff73a0b9e,0,19,0,1,0,0,0,1,0,0,4
2,7ffff73a0731,0,0,1,0,0,0,0,0,0,0,0,0
2,7ffff73a073a,0,0,1,0,0,0,0,0,0,0,0,0
2,7ffff73a0726,0,0,3,0,0,0,0,0,0,0,0,0
2,7ffff73a072f,7ffff73a0740,0,3,0,0,0,0,0,1,0,0,2
2,7ffff73a0753,0,0,1,0,0,0,0,0,0,0,0,0
2,7ffff73a0b51,7ffff73a0b51,0,282624,0,17,0,0,0,1,0,0,36
2,7ffff73a075a,7ffff73a0761,0,1,0,0,0,0,0,1,0,0,2
7,7ffda9ba9d07,7ffda9ba7116,0,616,0,0,0,0,0,0,0,0,0
2,7ffff73a0758,0,0,1,0,0,0,0,0,0,0,0,0
2,7ffff73a0743,7ffff73a0743,0,57344,0,3,0,0,0,1,0,0,8
2,7ffff73a0701,7ffff73a07a6,0,104,0,26,0,0,0,1,0,0,54
2,7ffff73a074e,7ffff73a0777,0,6430,0,1,0,0,0,1,0,0,4
2,7ffff73a0749,7ffff73a0762,0,8790,0,2001,0,0,0,1,0,0,4004
2,7ffff73a06fb,7ffff73a0746,0,8894,0,29,0,0,0,1,0,0,60
2,7ffff73a098e,7ffff73a0948,0,87,0,15,0,0,0,1,0,0,32
7,7ffda9b0130e,7ffda9cb05d9,0,3,0,0,0,0,0,0,0,0,0
2,7ffff73a0942,0,0,13,0,0,0,0,0,0,0,0,0
2,7ffff73a08e7,7ffff73a08a5,0,111,0,23,0,0,0,1,0,0,48
2,7ffff73a089f,0,0,14,0,0,0,0,0,0,0,0,0
3,7ffda9b28a28,7ffda99e47d0,0,6,0,0,0,0,0,1,0,0,2
2,7ffff73a0c28,7ffff73a0c0b,0,66,0,7,0,0,0,1,0,0,16
2,7ffff73a0854,7ffff73a0905,0,27,0,12,0,0,0,1,0,0,26
7,7ffda9b01a0e,7ffda9cb0691,0,3,0,0,0,0,0,0,0,0,0
2,7ffff73a085a,0,0,14,0,0,0,0,0,2,0,0,4
2,7ffff73a0c09,0,0,6,0,0,0,0,0,0,0,0,0
